Year,Player,Age,Team,Minutes,TS%,TRB%,AST%,STL%,BLK%,TOV%,USG%,BPM,Salary,Team Payroll,Availability%,Salary%
2024-2025,Mikal Bridges,28,NYK,3036,0.585,4.9,14.4,1.2,1.3,9.7,19.6,-0.5,23300000.0,191906878.0,100.0,12.14
2024-2025,Josh Hart,29,NYK,2897,0.611,14.6,20.7,2.0,0.9,15.5,15.3,2.8,18144000.0,191906878.0,93.9,9.45
2024-2025,Anthony Edwards,23,MIN,2871,0.595,8.7,20.9,1.6,1.7,12.0,31.4,4.3,42176400.0,203708244.0,96.34,20.7
2024-2025,Devin Booker,28,PHO,2795,0.589,6.1,30.6,1.2,0.5,11.9,29.3,0.4,49205800.0,220708856.0,91.46,22.29
2024-2025,James Harden,35,LAC,2789,0.582,9.3,36.8,2.1,2.0,18.0,29.6,4.3,33653846.0,174124752.0,96.34,19.33
2024-2025,DeMar DeRozan,35,SAC,2768,0.569,6.0,18.7,1.1,1.1,6.5,25.0,-0.1,23400000.0,167811057.0,93.9,13.94
2024-2025,Trae Young,26,ATL,2739,0.567,4.7,46.4,1.6,0.4,17.9,29.6,0.5,43031940.0,170057021.0,92.68,25.3
2024-2025,Tyler Herro,25,MIA,2725,0.605,8.1,26.2,1.3,0.6,11.5,28.0,3.1,29000000.0,176102077.0,93.9,16.47
2024-2025,OG Anunoby,27,NYK,2706,0.591,7.6,8.5,2.0,2.2,8.3,19.7,0.7,36637932.0,191906878.0,90.24,19.09
2024-2025,Jalen Green,22,HOU,2697,0.544,7.4,16.0,1.3,0.9,11.4,27.3,0.5,12483048.0,163038023.0,100.0,7.66
2024-2025,Christian Braun,23,DEN,2675,0.665,8.4,10.1,1.5,1.2,8.1,15.8,0.3,3089640.0,185864258.0,96.34,1.66
2024-2025,Bam Adebayo,27,MIA,2674,0.561,15.5,20.0,1.8,1.9,11.4,23.5,2.0,34848340.0,176102077.0,95.12,19.79
2024-2025,Ivica Zubac,27,LAC,2624,0.641,21.8,12.8,1.0,3.4,10.8,19.5,3.1,11743210.0,174124752.0,97.56,6.74
2024-2025,Jayson Tatum,26,BOS,2624,0.582,12.9,27.0,1.5,1.3,11.2,31.2,5.2,34848340.0,195348491.0,87.8,17.84
2024-2025,Jaden McDaniels,24,MIN,2614,0.562,10.0,9.0,2.1,2.6,9.6,16.3,0.0,23017242.0,203708244.0,100.0,11.3
2024-2025,Keegan Murray,24,SAC,2610,0.553,10.9,5.6,1.1,2.6,6.6,15.0,-1.6,8809560.0,167811057.0,92.68,5.25
2024-2025,Zach LaVine,29,CHI,1432,0.637,7.4,20.5,1.3,0.6,13.3,26.6,1.6,44531940.0,165722496.0,51.22,26.87
2024-2025,Zach LaVine,29,SAC,1170,0.642,5.4,15.6,0.8,0.2,13.5,23.7,-0.4,44531940.0,167811057.0,39.02,26.54
2024-2025,Shai Gilgeous-Alexander,26,OKC,2598,0.637,7.8,31.3,2.4,3.0,8.6,34.8,11.5,35859950.0,166418720.0,92.68,21.55
2024-2025,Michael Porter Jr.,26,DEN,2593,0.617,11.4,8.7,0.9,1.3,8.4,20.2,-0.1,35859950.0,185864258.0,93.9,19.29
2024-2025,Derrick White,30,BOS,2574,0.606,7.2,20.2,1.4,2.9,11.3,19.8,3.5,20071429.0,195348491.0,92.68,10.27
2024-2025,Dyson Daniels,21,ATL,2571,0.545,9.6,17.9,4.2,2.0,13.6,18.2,1.5,6059520.0,170057021.0,92.68,3.56
2024-2025,Nikola Jokic,29,DEN,2571,0.663,19.1,44.1,2.4,1.6,12.8,29.5,13.3,51415938.0,185864258.0,85.37,27.66
2024-2025,Austin Reaves,26,LAL,2550,0.616,7.3,24.9,1.6,0.8,12.9,23.7,1.9,12976362.0,192057940.0,89.02,6.76
2024-2025,Toumani Camara,24,POR,2548,0.572,9.6,9.6,2.2,1.8,12.4,14.4,-0.1,1891857.0,167012048.0,95.12,1.13
2024-2025,Pascal Siakam,30,IND,2548,0.599,11.8,15.7,1.3,1.5,7.6,24.2,1.7,42176400.0,169543082.0,95.12,24.88
2024-2025,Brook Lopez,36,MIL,2546,0.624,8.6,7.8,0.9,5.4,9.1,15.8,0.8,23000000.0,182559432.0,97.56,12.6
2024-2025,Karl-Anthony Towns,29,NYK,2517,0.63,21.0,13.8,1.4,1.9,12.1,27.4,3.6,49205800.0,191906878.0,87.8,25.64
2024-2025,Bub Carrington,19,WAS,2458,0.514,7.2,21.2,1.0,0.8,15.2,15.8,-4.6,4454880.0,173806822.0,100.0,2.56
2024-2025,Cade Cunningham,23,DET,2452,0.565,9.6,43.0,1.4,2.1,16.0,33.2,3.9,13940809.0,140501660.0,85.37,9.92
2024-2025,Tyrese Haliburton,24,IND,2451,0.616,5.9,38.9,2.1,1.8,9.8,21.6,5.8,42176400.0,169543082.0,89.02,24.88
2024-2025,Coby White,24,CHI,2450,0.601,5.8,19.5,1.3,0.6,12.4,24.4,-0.9,12000000.0,165722496.0,90.24,7.24
2024-2025,LeBron James,40,LAL,2444,0.604,12.6,40.3,1.4,1.5,15.5,30.1,5.6,48728845.0,192057940.0,85.37,25.37
2024-2025,Domantas Sabonis,28,SAC,2429,0.655,22.4,26.0,1.0,1.0,16.5,21.6,5.2,40500000.0,167811057.0,85.37,24.13
2024-2025,Jamal Murray,27,DEN,2418,0.584,5.9,23.2,1.8,1.2,10.1,24.0,0.8,36016200.0,185864258.0,81.71,19.38
2024-2025,Alperen Sengun,22,HOU,2395,0.545,17.5,24.1,1.7,2.3,12.7,26.2,4.4,5424654.0,163038023.0,92.68,3.33
2024-2025,Dillon Brooks,29,HOU,2388,0.555,6.1,7.4,1.2,0.6,7.4,17.7,-1.4,22255493.0,163038023.0,91.46,13.65
2024-2025,Rudy Gobert,32,MIN,2388,0.687,18.2,7.5,1.2,4.1,12.4,13.0,1.9,43827586.0,203708244.0,87.8,21.51
2024-2025,Tobias Harris,32,DET,2305,0.571,10.4,9.8,1.5,2.4,8.8,17.6,0.1,25365854.0,140501660.0,89.02,18.05
2024-2025,Darius Garland,25,CLE,2301,0.6,5.0,32.2,1.9,0.4,12.8,27.2,3.1,36725670.0,165110486.0,91.46,22.24
2024-2025,Jalen Brunson,28,NYK,2301,0.605,4.7,32.3,1.3,0.3,10.5,29.5,3.3,24960001.0,191906878.0,79.27,13.01
2024-2025,Jarrett Allen,26,CLE,2296,0.724,18.8,9.5,1.6,2.9,11.3,15.9,4.2,20000000.0,165110486.0,100.0,12.11
2024-2025,Chris Paul,39,SAS,2292,0.58,6.9,34.8,2.2,0.9,17.1,14.0,0.8,10460000.0,162395330.0,100.0,6.44
2024-2025,Anfernee Simons,25,POR,2292,0.557,4.5,23.3,1.3,0.2,10.6,24.6,-0.1,25892857.0,167012048.0,85.37,15.5
2024-2025,Giannis Antetokounmpo,30,MIL,2289,0.625,19.0,36.0,1.2,3.2,11.2,35.2,9.5,48787676.0,182559432.0,81.71,26.72
2024-2025,Malik Beasley,28,DET,2283,0.59,5.2,8.9,1.5,0.2,6.8,22.5,0.8,6000000.0,140501660.0,100.0,4.27
2024-2025,Kentavious Caldwell-Pope,31,ORL,2279,0.574,4.3,8.7,2.2,1.4,9.6,12.4,-1.4,22757000.0,152308863.0,93.9,14.94
2024-2025,Nikola Vucevic,34,CHI,2278,0.611,16.9,17.1,1.2,2.0,9.7,22.4,2.6,20000000.0,165722496.0,89.02,12.07
2024-2025,Payton Pritchard,27,BOS,2271,0.633,7.3,18.1,1.5,0.6,8.4,19.0,3.5,6696429.0,195348491.0,97.56,3.43
2024-2025,Kevin Durant,36,PHO,2265,0.642,9.2,19.6,1.1,3.2,12.9,28.7,3.2,51179021.0,220708856.0,75.61,23.19
2024-2025,Shaedon Sharpe,21,POR,2252,0.551,7.8,14.2,1.3,0.6,11.0,25.1,-1.3,6614160.0,167012048.0,87.8,3.96
2024-2025,Stephen Curry,36,GSW,2252,0.618,7.4,31.3,1.7,1.3,12.6,29.8,6.3,55761216.0,170316619.0,85.37,32.74
2024-2025,De'Aaron Fox,27,SAC,1663,0.567,7.6,26.0,1.9,1.2,11.8,29.1,1.2,34848340.0,167811057.0,54.88,20.77
2024-2025,De'Aaron Fox,27,SAS,578,0.537,6.8,30.8,2.1,0.8,11.6,26.0,-2.0,34848340.0,162395330.0,20.73,21.46
2024-2025,Jalen Williams,23,OKC,2237,0.573,8.8,23.4,2.4,2.1,10.3,27.5,4.0,4775760.0,166418720.0,84.15,2.87
2024-2025,Donovan Mitchell,28,CLE,2232,0.575,7.8,23.9,2.0,0.7,9.2,30.9,3.7,35410310.0,165110486.0,86.59,21.45
2024-2025,Harrison Barnes,32,SAS,2230,0.656,7.4,8.6,0.8,0.6,6.1,15.7,0.0,18000000.0,162395330.0,100.0,11.08
2024-2025,Julius Randle,30,MIN,2226,0.593,12.1,22.5,1.0,0.7,15.3,25.0,1.3,33073920.0,203708244.0,84.15,16.24
2024-2025,Amen Thompson,22,HOU,2225,0.602,13.5,16.9,2.1,3.6,14.6,17.5,4.1,9249960.0,163038023.0,84.15,5.67
2024-2025,Jaren Jackson Jr.,25,MEM,2207,0.591,10.0,10.1,1.9,4.7,9.9,28.1,2.3,25257798.0,165903638.0,90.24,15.22
2024-2025,Desmond Bane,26,MEM,2205,0.6,10.0,23.6,1.7,1.2,13.3,23.3,3.2,34005250.0,165903638.0,84.15,20.5
2024-2025,Naz Reid,25,MIN,2200,0.577,12.1,12.6,1.3,3.0,9.9,21.5,1.6,13986432.0,203708244.0,97.56,6.87
2024-2025,Tyus Jones,28,PHO,2174,0.585,5.0,27.7,1.6,0.3,11.4,16.2,0.1,2087519.0,220708856.0,98.78,0.95
2024-2025,Myles Turner,28,IND,2174,0.612,12.1,7.1,1.2,6.0,11.8,20.7,0.4,19928500.0,169543082.0,87.8,11.75
2024-2025,Evan Mobley,23,CLE,2167,0.633,16.5,15.1,1.4,4.7,12.2,23.2,4.6,11227657.0,165110486.0,86.59,6.8
2024-2025,Taurean Prince,30,MIL,2166,0.613,7.2,9.4,1.7,0.6,13.3,12.5,-1.7,2087519.0,182559432.0,97.56,1.14
2024-2025,Stephon Castle,20,SAS,2162,0.522,7.4,22.8,1.7,0.9,13.4,26.0,-3.2,9105120.0,162395330.0,98.78,5.61
2024-2025,Deni Avdija,24,POR,2161,0.605,13.1,19.9,1.6,1.5,16.3,23.2,2.1,15625000.0,167012048.0,87.8,9.36
2024-2025,Jaylen Brown,28,BOS,2158,0.555,9.3,21.4,1.7,0.8,11.4,28.9,0.0,49205800.0,195348491.0,76.83,25.19
2024-2025,Tim Hardaway Jr.,32,DET,2153,0.567,4.7,7.6,0.8,0.3,6.1,15.5,-2.1,16193183.0,140501660.0,93.9,11.53
2024-2025,Bennedict Mathurin,22,IND,2149,0.579,9.9,8.8,1.1,1.0,11.9,22.8,-2.9,7245720.0,169543082.0,87.8,4.27
2024-2025,Spencer Dinwiddie,31,DAL,2136,0.553,5.3,22.1,1.6,0.7,11.4,17.9,-1.6,2087519.0,174411922.0,96.34,1.2
2024-2025,Scottie Barnes,23,TOR,2134,0.523,12.6,27.7,2.1,2.8,13.4,27.0,2.4,10130980.0,170516134.0,79.27,5.94
2024-2025,Max Christie,21,LAL,1154,0.598,6.0,7.7,1.5,1.7,10.7,13.9,-1.8,7142857.0,192057940.0,56.1,3.72
2024-2025,Max Christie,21,DAL,973,0.543,7.6,11.0,1.4,0.9,12.9,16.8,-3.4,7142857.0,174411922.0,39.02,4.1
2024-2025,Josh Giddey,22,CHI,2117,0.57,14.0,32.9,1.9,1.8,18.4,21.7,3.0,8352367.0,165722496.0,85.37,5.04
2024-2025,Fred VanVleet,30,HOU,2111,0.515,5.6,21.2,2.2,1.1,9.6,17.7,0.9,42846615.0,163038023.0,73.17,26.28
2024-2025,Keyonte George,21,UTA,2109,0.539,6.5,26.9,1.0,0.4,14.9,24.3,-2.7,4084200.0,154060898.0,81.71,2.65
2024-2025,Dennis Schroder,31,BRK,772,0.588,5.0,33.4,1.7,0.5,14.1,23.8,0.0,13025250.0,168312896.0,28.05,7.74
2024-2025,Dennis Schroder,31,GSW,628,0.474,4.8,24.0,1.9,0.5,15.2,21.2,-5.2,13025250.0,170316619.0,29.27,7.65
2024-2025,Dennis Schroder,31,DET,705,0.515,5.8,27.8,1.0,0.7,10.7,19.6,-2.1,13025250.0,140501660.0,34.15,9.27
2024-2025,Damian Lillard,34,MIL,2093,0.621,7.1,29.7,1.6,0.4,12.2,27.8,4.0,48787676.0,182559432.0,70.73,26.72
2024-2025,Russell Westbrook,36,DEN,2092,0.532,9.7,28.8,2.4,1.6,20.6,23.8,-1.1,5631296.0,185864258.0,91.46,3.03
2024-2025,Russell Westbrook,36,DEN,2092,0.532,9.7,28.8,2.4,1.6,20.6,23.8,-1.1,5631296.0,185864258.0,91.46,3.03
2024-2025,Kelly Oubre Jr.,29,PHI,2078,0.551,10.0,7.9,2.2,1.4,8.9,18.9,-2.3,7983000.0,171336738.0,73.17,4.66
2024-2025,Nickeil Alexander-Walker,26,MIN,2073,0.579,7.1,15.0,1.2,1.5,12.9,16.0,-0.4,4312500.0,203708244.0,100.0,2.12
2024-2025,Luguentz Dort,25,OKC,2073,0.586,7.6,6.9,1.8,1.9,7.7,13.6,0.2,16500000.0,166418720.0,86.59,9.91
2024-2025,Onyeka Okongwu,24,ATL,2064,0.634,17.5,11.4,1.6,3.0,10.4,17.3,1.3,14000000.0,170057021.0,90.24,8.23
2024-2025,Malik Monk,26,SAC,2054,0.549,6.7,25.7,1.5,1.8,13.5,24.6,-0.8,17405203.0,167811057.0,79.27,10.37
2024-2025,Jaylen Wells,21,MEM,2043,0.56,6.9,8.4,1.0,0.4,8.6,15.9,-2.2,1157153.0,165903638.0,96.34,0.7
2024-2025,Jalen Duren,21,DET,2034,0.703,22.0,14.7,1.3,4.2,17.2,16.4,3.1,4536840.0,140501660.0,95.12,3.23
2024-2025,Jalen Wilson,24,BRK,2031,0.541,7.5,10.8,1.0,0.2,10.2,16.6,-3.9,1891857.0,168312896.0,96.34,1.12
2024-2025,Miles Bridges,26,CHO,2029,0.541,12.6,21.7,1.1,2.2,10.2,28.0,1.8,27173913.0,168575524.0,78.05,16.12
2024-2025,Davion Mitchell,26,TOR,1080,0.536,4.2,24.6,1.4,0.7,23.1,13.1,-4.3,6451077.0,170516134.0,53.66,3.78
2024-2025,Davion Mitchell,26,MIA,947,0.611,4.8,23.8,2.2,0.8,16.5,14.2,-0.6,6451077.0,176102077.0,36.59,3.66
2024-2025,Franz Wagner,23,ORL,2023,0.558,9.7,26.6,1.9,1.0,9.6,31.0,3.1,7007092.0,152308863.0,73.17,4.6
2024-2025,Quentin Grimes,24,DAL,1070,0.599,9.1,13.2,1.4,0.8,13.2,18.5,-0.3,4296682.0,174411922.0,57.32,2.46
2024-2025,Quentin Grimes,24,PHI,943,0.592,8.7,22.7,2.2,1.2,13.4,27.5,1.2,4296682.0,171336738.0,34.15,2.51
2024-2025,Jordan Poole,25,WAS,2001,0.591,5.3,25.6,2.0,1.2,14.8,29.0,0.4,29651786.0,173806822.0,82.93,17.06
2024-2025,Draymond Green,34,GSW,1983,0.534,11.2,26.2,2.4,3.4,23.3,15.9,0.5,24107143.0,170316619.0,82.93,14.15
2024-2025,Devin Vassell,24,SAS,1983,0.553,6.9,13.8,2.0,1.5,8.5,22.1,-1.1,29347826.0,162395330.0,78.05,18.07
2024-2025,Klay Thompson,34,DAL,1965,0.552,6.8,10.7,1.2,1.3,8.8,21.8,-1.0,15873016.0,174411922.0,87.8,9.1
2024-2025,Tyrese Maxey,24,PHI,1960,0.562,5.0,28.0,2.3,1.1,9.2,29.8,2.0,35147000.0,171336738.0,63.41,20.51
2024-2025,Norman Powell,31,LAC,1958,0.615,5.5,10.2,1.8,0.5,9.2,26.1,1.5,19241379.0,174124752.0,73.17,11.05
2024-2025,Yves Missi,20,NOP,1956,0.572,16.6,7.2,0.9,4.8,12.4,14.3,-3.0,3193200.0,172778396.0,89.02,1.85
2024-2025,Keon Ellis,25,SAC,1948,0.664,6.1,8.0,3.0,3.2,12.4,12.7,1.9,2120693.0,167811057.0,97.56,1.26
2024-2025,Bilal Coulibaly,20,WAS,1948,0.515,7.8,14.9,1.9,1.9,15.1,17.9,-3.7,6945240.0,173806822.0,71.95,4.0
2024-2025,Kyle Kuzma,29,WAS,887,0.488,10.8,14.7,1.1,0.7,12.8,27.1,-5.2,24456061.0,173806822.0,39.02,14.07
2024-2025,Kyle Kuzma,29,MIL,1049,0.545,9.6,9.9,0.7,1.1,14.3,21.4,-4.7,24456061.0,182559432.0,40.24,13.4
2024-2025,Julian Champagnie,23,SAS,1932,0.577,8.8,7.9,1.5,1.6,9.5,17.2,-1.3,3000000.0,162395330.0,100.0,1.85
2024-2025,Keon Johnson,22,BRK,1925,0.499,8.8,14.6,2.1,1.5,12.1,21.7,-3.3,2162606.0,168312896.0,96.34,1.28
2024-2025,Naji Marshall,27,DAL,1919,0.584,9.3,15.8,1.8,0.5,12.5,20.0,-0.8,8571429.0,174411922.0,84.15,4.91
2024-2025,Jrue Holiday,34,BOS,1896,0.565,7.6,17.3,1.7,1.3,11.3,15.8,0.7,30000000.0,195348491.0,75.61,15.36
2024-2025,Guerschon Yabusele,29,PHI,1895,0.616,11.8,11.6,1.5,1.2,12.2,16.3,-1.0,2087519.0,171336738.0,85.37,1.22
2024-2025,Gary Trent Jr.,26,MIL,1893,0.591,4.8,6.4,1.8,0.2,5.7,17.1,-1.6,2087519.0,182559432.0,90.24,1.14
2024-2025,Anthony Black,21,ORL,1887,0.521,7.0,19.4,2.3,2.4,16.4,19.6,-1.9,7607760.0,152308863.0,95.12,4.99
2024-2025,Josh Green,24,CHO,1887,0.559,4.9,8.2,1.9,0.8,13.4,11.8,-4.3,12654321.0,168575524.0,82.93,7.51
2024-2025,Nic Claxton,25,BRK,1882,0.569,15.5,13.7,1.6,5.3,12.0,16.8,0.4,27556817.0,168312896.0,85.37,16.37
2024-2025,Andrew Nembhard,25,IND,1881,0.545,6.4,22.5,2.0,0.5,15.8,16.3,-2.3,2019699.0,169543082.0,79.27,1.19
2024-2025,Cason Wallace,21,OKC,1876,0.562,6.5,11.5,3.1,1.9,10.5,12.8,1.0,5555880.0,166418720.0,82.93,3.34
2024-2025,Derrick Jones Jr.,27,LAC,1873,0.609,8.0,4.6,2.1,1.7,9.3,16.5,-0.3,9523810.0,174124752.0,93.9,5.47
2024-2025,Rui Hachimura,26,LAL,1869,0.619,8.9,6.4,1.2,1.3,7.3,15.8,-0.7,17000000.0,192057940.0,71.95,8.85
2024-2025,RJ Barrett,24,TOR,1869,0.547,10.5,27.3,1.2,0.9,12.9,28.7,0.6,25794643.0,170516134.0,70.73,15.13
2024-2025,Buddy Hield,32,GSW,1863,0.56,7.6,10.7,1.8,1.2,10.1,20.5,-1.0,8780488.0,170316619.0,100.0,5.16
2024-2025,Trey Murphy III,24,NOP,1854,0.598,7.8,15.9,1.5,2.0,9.9,23.7,0.8,5159854.0,172778396.0,64.63,2.99
2024-2025,Zaccharie Risacher,19,ATL,1843,0.558,8.0,7.1,1.3,1.8,9.8,20.9,-3.5,12569040.0,170057021.0,91.46,7.39
2024-2025,Andrew Wiggins,29,GSW,1296,0.566,8.2,12.2,1.5,2.4,7.7,23.5,1.0,26276786.0,170316619.0,52.44,15.43
2024-2025,Andrew Wiggins,29,MIA,546,0.566,7.3,16.5,1.8,3.0,13.1,26.7,0.7,26276786.0,176102077.0,20.73,14.92
2024-2025,Isaiah Collier,20,UTA,1839,0.494,6.9,34.3,1.7,0.8,25.0,18.9,-5.3,2512680.0,154060898.0,86.59,1.63
2024-2025,Keldon Johnson,25,SAS,1838,0.572,10.8,10.2,1.3,1.1,8.3,21.6,-1.6,19000000.0,162395330.0,93.9,11.7
2024-2025,Royce O'Neale,31,PHO,1837,0.585,10.6,12.3,1.8,1.7,10.1,15.5,0.1,9375000.0,220708856.0,91.46,4.25
2024-2025,P.J. Washington,26,DAL,1835,0.556,13.1,10.1,1.7,2.8,13.6,20.4,-0.9,15500000.0,174411922.0,69.51,8.89
2024-2025,CJ McCollum,33,NOP,1832,0.55,6.2,20.6,1.2,1.3,9.0,27.2,-1.4,33333333.0,172778396.0,68.29,19.29
2024-2025,Haywood Highsmith,28,MIA,1818,0.583,7.7,8.4,1.9,2.0,11.6,11.3,-1.9,5200000.0,176102077.0,90.24,2.95
2024-2025,Dorian Finney-Smith,31,BRK,579,0.613,8.9,8.2,1.5,2.1,9.6,14.2,0.0,14924167.0,168312896.0,24.39,8.87
2024-2025,Dorian Finney-Smith,31,LAL,1239,0.598,7.1,6.3,1.6,0.8,11.8,11.5,-1.5,14924167.0,192057940.0,52.44,7.77
2024-2025,Alex Sarr,19,WAS,1814,0.482,12.5,13.9,1.2,5.0,11.2,23.5,-3.3,11245680.0,173806822.0,81.71,6.47
2024-2025,Kyrie Irving,32,DAL,1804,0.594,7.2,20.5,1.8,1.1,9.7,27.4,3.4,41000000.0,174411922.0,60.98,23.51
2024-2025,Kyshawn George,21,WAS,1802,0.503,8.2,13.3,1.8,2.5,14.2,15.9,-4.1,2825520.0,173806822.0,82.93,1.63
2024-2025,Cameron Johnson,28,BRK,1800,0.632,7.8,18.5,1.5,1.4,10.5,22.9,3.1,22500000.0,168312896.0,69.51,13.37
2024-2025,Duncan Robinson,30,MIA,1785,0.595,5.2,14.7,1.1,0.3,11.1,19.2,-1.7,19406000.0,176102077.0,90.24,11.02
2024-2025,Kris Dunn,30,LAC,1783,0.531,8.0,15.6,3.5,1.5,14.2,12.7,0.6,5168000.0,174124752.0,90.24,2.97
2024-2025,Luka Doncic,25,DAL,785,0.584,12.7,36.7,2.7,1.0,12.4,33.1,6.9,43031940.0,174411922.0,26.83,24.67
2024-2025,Luka Doncic,25,LAL,984,0.59,12.9,35.6,2.2,1.1,13.5,34.5,6.5,43031940.0,192057940.0,34.15,22.41
2024-2025,Scoot Henderson,20,POR,1759,0.54,6.1,28.1,1.9,0.7,18.6,22.5,-2.2,10259160.0,167012048.0,80.49,6.14
2024-2025,Wendell Carter Jr.,25,ORL,1758,0.544,16.0,11.5,1.5,2.2,11.9,16.0,-1.2,11950000.0,152308863.0,82.93,7.85
2024-2025,Collin Sexton,26,UTA,1758,0.593,5.2,25.1,1.3,0.3,14.1,27.0,-0.6,18350000.0,154060898.0,76.83,11.91
2024-2025,Mike Conley,37,MIN,1756,0.573,5.7,24.5,2.2,0.7,12.9,14.4,1.2,9975962.0,203708244.0,86.59,4.9
2024-2025,Amir Coffey,27,LAC,1748,0.614,5.2,6.1,1.1,0.4,7.4,15.3,-1.7,3938271.0,174124752.0,87.8,2.26
2024-2025,Jimmy Butler,35,MIA,766,0.638,9.4,24.2,1.8,1.3,8.2,21.1,4.8,48798677.0,176102077.0,30.49,27.71
2024-2025,Jimmy Butler,35,GSW,980,0.617,9.1,26.5,2.5,0.8,9.2,20.6,5.0,48798677.0,170316619.0,36.59,28.65
2024-2025,Aaron Wiggins,26,OKC,1744,0.596,9.1,10.6,1.7,1.0,8.3,20.3,1.1,10514017.0,166418720.0,92.68,6.32
2024-2025,Walker Kessler,23,UTA,1740,0.66,21.9,8.3,1.0,7.4,15.0,13.7,1.8,2965920.0,154060898.0,70.73,1.93
2024-2025,De'Andre Hunter,27,ATL,1064,0.616,7.5,7.8,1.4,0.4,9.4,24.2,-0.4,21696429.0,170057021.0,45.12,12.76
2024-2025,De'Andre Hunter,27,CLE,676,0.634,9.1,7.1,1.4,1.1,7.0,20.5,1.6,21696429.0,165110486.0,32.93,13.14
2024-2025,Ochai Agbaji,24,TOR,1739,0.601,7.5,7.9,1.6,1.6,8.9,14.6,-0.7,4310280.0,170516134.0,78.05,2.53
2024-2025,Brandin Podziemski,21,GSW,1716,0.557,10.2,18.7,2.0,0.7,10.1,18.3,0.7,3519960.0,170316619.0,78.05,2.07
2024-2025,Jabari Smith Jr.,21,HOU,1716,0.562,12.4,4.7,0.7,2.1,8.9,16.4,-0.7,9770880.0,163038023.0,69.51,5.99
2024-2025,Anthony Davis,31,LAL,1440,0.601,19.5,17.1,1.8,5.9,9.4,30.2,6.0,43219440.0,192057940.0,51.22,22.5
2024-2025,Bradley Beal,31,PHO,1702,0.598,5.8,17.6,1.7,1.5,11.6,22.1,-1.1,50203930.0,220708856.0,64.63,22.75
2024-2025,Georges Niang,31,CLE,1053,0.617,9.7,8.3,0.8,0.6,11.7,16.5,-1.8,8500000.0,165110486.0,62.2,5.15
2024-2025,Georges Niang,31,ATL,644,0.595,7.1,9.6,0.8,1.0,10.7,20.3,-3.1,8500000.0,170057021.0,34.15,5.0
2024-2025,Jakob Poeltl,29,TOR,1686,0.641,17.4,14.5,1.9,4.0,14.7,18.7,2.0,19500000.0,170516134.0,69.51,11.44
2024-2025,Scotty Pippen Jr.,24,MEM,1683,0.582,8.1,27.1,2.8,1.6,17.1,19.3,1.9,2087519.0,165903638.0,96.34,1.26
2024-2025,Kevin Huerter,26,SAC,899,0.524,7.5,11.0,2.0,1.7,10.3,17.2,-2.3,16830357.0,167811057.0,52.44,10.03
2024-2025,Kevin Huerter,26,CHI,780,0.566,5.7,14.4,1.8,0.8,9.0,17.8,-1.5,16830357.0,165722496.0,31.71,10.16
2024-2025,Santi Aldama,24,MEM,1660,0.588,13.3,15.2,1.5,1.6,9.3,18.5,3.2,3960531.0,165903638.0,79.27,2.39
2024-2025,A.J. Green,25,MIL,1659,0.621,5.7,8.5,1.1,0.4,8.4,12.6,-2.2,2120693.0,182559432.0,89.02,1.16
2024-2025,Al Horford,38,BOS,1659,0.563,12.1,10.4,1.1,2.8,8.8,13.8,1.2,9500000.0,195348491.0,73.17,4.86
2024-2025,Terry Rozier,30,MIA,1658,0.497,7.9,14.8,1.1,0.8,10.3,20.4,-3.7,24924126.0,176102077.0,78.05,14.15
2024-2025,Peyton Watson,22,DEN,1656,0.564,7.7,7.0,1.4,5.0,10.3,13.9,-1.8,2413560.0,185864258.0,82.93,1.3
2024-2025,Moses Moody,22,GSW,1649,0.578,6.2,8.3,1.7,1.8,7.9,17.4,-0.9,5803269.0,170316619.0,90.24,3.41
2024-2025,Tristan Da Silva,23,ORL,1629,0.522,8.6,10.3,1.0,1.1,9.9,15.2,-2.6,3628440.0,152308863.0,90.24,2.38
2024-2025,Donte DiVincenzo,28,MIN,1606,0.582,7.9,20.2,2.2,1.0,13.8,19.4,1.9,11445000.0,203708244.0,75.61,5.62
2024-2025,Isaiah Joe,25,OKC,1604,0.617,6.6,9.7,1.4,0.6,5.8,17.2,1.3,12991650.0,166418720.0,90.24,7.81
2024-2025,Corey Kispert,25,WAS,1602,0.584,5.9,9.7,0.8,0.8,9.6,17.5,-3.7,5705887.0,173806822.0,74.39,3.28
2024-2025,Caris LeVert,30,CLE,904,0.58,6.4,20.0,1.8,1.9,13.2,18.1,1.2,16615384.0,165110486.0,46.34,10.06
2024-2025,Caris LeVert,30,ATL,692,0.583,7.6,15.7,1.6,1.9,7.0,21.2,0.4,16615384.0,170057021.0,31.71,9.77
2024-2025,Miles McBride,24,NYK,1593,0.531,5.8,15.6,2.1,1.0,6.7,16.8,0.0,4710144.0,191906878.0,78.05,2.45
2024-2025,Isaiah Hartenstein,26,OKC,1590,0.599,20.6,18.3,1.4,3.9,15.3,16.7,3.2,30000000.0,166418720.0,69.51,18.03
2024-2025,Gradey Dick,21,TOR,1587,0.543,6.5,8.9,1.5,0.6,10.4,21.0,-3.2,4763760.0,170516134.0,65.85,2.79
2024-2025,Paolo Banchero,22,ORL,1582,0.551,12.5,26.0,1.1,1.7,11.2,33.6,3.5,12160800.0,152308863.0,56.1,7.98
2024-2025,Patrick Williams,23,CHI,1576,0.512,7.9,10.3,1.4,1.8,13.5,16.9,-3.7,18000000.0,165722496.0,76.83,10.86
2024-2025,Obi Toppin,26,IND,1545,0.642,11.5,11.9,1.4,1.6,9.5,20.1,1.7,12975000.0,169543082.0,96.34,7.65
2024-2025,Grayson Allen,29,PHO,1544,0.631,7.0,12.5,1.7,1.2,12.2,17.6,-0.3,15625000.0,220708856.0,78.05,7.08
2024-2025,Sam Hauser,27,BOS,1541,0.632,7.9,5.8,1.3,0.8,4.6,14.3,0.8,2092344.0,195348491.0,86.59,1.07
2024-2025,Ziaire Williams,23,BRK,1541,0.55,10.6,8.5,2.0,1.8,10.5,18.2,-2.3,6133005.0,168312896.0,76.83,3.64
2024-2025,Gabe Vincent,28,LAL,1527,0.536,3.4,8.7,1.6,0.8,8.7,13.5,-4.0,11000000.0,192057940.0,87.8,5.73
2024-2025,Victor Wembanyama,21,SAS,1527,0.594,17.7,18.3,1.6,10.4,13.7,30.4,6.5,12768960.0,162395330.0,56.1,7.86
2024-2025,Jerami Grant,30,POR,1524,0.523,5.8,9.5,1.3,2.7,9.1,19.4,-1.6,29793104.0,167012048.0,57.32,17.84
2024-2025,Jonas Valanciunas,32,WAS,983,0.602,21.4,18.8,1.1,2.6,15.8,23.8,0.4,9900000.0,173806822.0,59.76,5.7
2024-2025,Jonas Valanciunas,32,SAC,541,0.604,23.1,15.3,1.4,3.3,12.2,20.9,1.1,9900000.0,167811057.0,39.02,5.9
2024-2025,Kyle Filipowski,21,UTA,1522,0.594,15.6,13.9,1.5,1.4,14.9,18.7,-1.0,3000000.0,154060898.0,87.8,1.95
2024-2025,Ja Morant,25,MEM,1519,0.563,7.1,36.0,1.9,0.7,15.2,32.2,2.4,36725670.0,165903638.0,60.98,22.14
2024-2025,Matas Buzelis,20,CHI,1511,0.571,9.6,7.2,0.9,4.3,10.9,18.7,-2.5,5195520.0,165722496.0,97.56,3.14
2024-2025,LaMelo Ball,23,CHO,1505,0.536,8.2,43.8,1.8,0.8,13.1,35.9,3.2,35147000.0,168575524.0,57.32,20.85
2024-2025,Dalton Knecht,23,LAL,1494,0.594,8.1,6.5,0.8,0.5,5.9,18.5,-1.8,3819120.0,192057940.0,95.12,1.99
2024-2025,Kevin Porter Jr.,24,LAC,884,0.476,10.3,24.5,2.4,1.2,16.0,25.9,-2.5,3366937.0,174124752.0,54.88,1.93
2024-2025,Kevin Porter Jr.,24,LAC,884,0.476,10.3,24.5,2.4,1.2,16.0,25.9,-2.5,3366937.0,174124752.0,54.88,1.93
2024-2025,Kevin Porter Jr.,24,MIL,598,0.616,10.7,28.0,3.1,0.3,15.4,24.8,2.1,3366937.0,182559432.0,36.59,1.84
2024-2025,Kevin Porter Jr.,24,MIL,598,0.616,10.7,28.0,3.1,0.3,15.4,24.8,2.1,3366937.0,182559432.0,36.59,1.84
2024-2025,D'Angelo Russell,28,LAL,763,0.537,5.9,26.2,1.5,0.5,13.0,22.1,-1.7,18692307.0,192057940.0,35.37,9.73
2024-2025,D'Angelo Russell,28,BRK,717,0.508,6.5,36.6,2.3,2.6,13.6,25.9,1.0,18692307.0,168312896.0,35.37,11.11
2024-2025,Lauri Markkanen,27,UTA,1476,0.571,10.1,7.5,1.1,1.1,7.8,24.0,-0.3,42176400.0,154060898.0,57.32,27.38
2024-2025,Luke Kennard,28,MEM,1472,0.631,6.6,18.5,1.6,0.3,13.6,14.5,1.1,9250000.0,165903638.0,79.27,5.58
2024-2025,Jamal Shead,22,TOR,1467,0.499,4.2,29.8,1.9,0.7,18.0,18.6,-4.1,1862265.0,170516134.0,91.46,1.09
2024-2025,Aaron Gordon,29,DEN,1447,0.65,9.4,15.0,0.8,0.9,11.3,19.0,1.2,22841455.0,185864258.0,62.2,12.29
2024-2025,Isaiah Stewart,23,DET,1434,0.616,15.4,11.3,0.9,6.7,16.1,12.4,0.6,15000000.0,140501660.0,87.8,10.68
2024-2025,Brice Sensabaugh,21,UTA,1432,0.612,7.9,12.0,1.5,0.5,14.5,21.5,-1.2,2571480.0,154060898.0,86.59,1.67
2024-2025,Goga Bitadze,25,ORL,1430,0.631,18.6,14.8,1.7,6.6,15.3,14.3,2.5,9057971.0,152308863.0,85.37,5.95
2024-2025,Kel'el Ware,20,MIA,1422,0.603,18.4,6.5,1.4,4.8,10.4,17.2,-0.1,4231800.0,176102077.0,78.05,2.4
2024-2025,Tari Eason,23,HOU,1420,0.567,13.6,8.5,3.3,3.2,9.7,19.4,3.6,3695160.0,163038023.0,69.51,2.27
2024-2025,Zach Edey,22,MEM,1416,0.624,20.5,6.1,1.2,5.5,15.3,16.4,-0.1,5756880.0,165903638.0,80.49,3.47
2024-2025,T.J. McConnell,32,IND,1415,0.547,7.6,37.0,2.8,1.3,14.2,23.4,1.2,9300000.0,169543082.0,96.34,5.49
2024-2025,Terance Mann,28,LAC,732,0.533,8.3,10.9,1.9,1.5,10.7,14.0,-1.3,11423077.0,174124752.0,45.12,6.56
2024-2025,Terance Mann,28,ATL,682,0.629,7.4,12.5,1.3,0.5,8.6,15.4,-1.3,11423077.0,170057021.0,36.59,6.72
2024-2025,Ryan Dunn,22,PHO,1410,0.517,10.6,5.7,1.5,2.7,7.5,16.7,-4.1,2530800.0,220708856.0,90.24,1.15
2024-2025,Sam Merrill,28,CLE,1401,0.583,6.1,9.6,1.8,0.9,7.4,14.3,0.3,2164993.0,165110486.0,86.59,1.31
2024-2025,Ayo Dosunmu,25,CHI,1394,0.585,6.1,20.2,1.4,1.1,12.5,16.6,-1.6,7000000.0,165722496.0,56.1,4.22
2024-2025,Ty Jerome,27,CLE,1392,0.643,6.7,24.5,2.7,0.2,11.9,23.6,4.3,2560975.0,165110486.0,85.37,1.55
2024-2025,Julian Strawther,22,DEN,1384,0.559,5.6,7.6,1.4,1.0,9.8,17.8,-4.5,2552520.0,185864258.0,79.27,1.37
2024-2025,Nick Smith Jr.,20,CHO,1369,0.502,5.0,16.7,0.6,0.4,12.2,20.8,-5.7,2587200.0,168575524.0,73.17,1.53
2024-2025,Jaime Jaquez Jr.,23,MIA,1368,0.543,11.7,17.9,2.2,1.0,15.7,20.2,-0.9,3685800.0,176102077.0,80.49,2.09
2024-2025,Nicolas Batum,36,LAC,1367,0.633,9.0,7.8,1.9,2.6,12.1,9.0,0.8,4668000.0,174124752.0,95.12,2.68
2024-2025,Jose Alvarado,26,NOP,1366,0.523,5.4,27.3,2.6,1.0,13.4,19.8,-1.4,1988598.0,172778396.0,68.29,1.15
2024-2025,Jeremy Sochan,21,SAS,1364,0.589,13.8,13.7,1.6,1.8,13.8,19.0,-1.2,5570040.0,162395330.0,65.85,3.43
2024-2025,Luke Kornet,29,BOS,1361,0.683,15.5,11.9,1.3,4.8,8.8,11.4,3.3,2087519.0,195348491.0,89.02,1.07
2024-2025,Trey Lyles,29,SAC,1349,0.551,13.1,7.9,1.5,1.7,8.7,14.3,-0.7,8000000.0,167811057.0,84.15,4.77
2024-2025,Jake LaRavia,23,MEM,982,0.605,11.1,16.7,2.1,1.9,19.6,14.5,1.3,3352680.0,165903638.0,57.32,2.02
2024-2025,Bogdan Bogdanovic,32,ATL,598,0.502,6.0,10.8,1.6,0.9,13.4,18.9,-4.7,17260000.0,170057021.0,29.27,10.15
2024-2025,Bogdan Bogdanovic,32,LAC,750,0.608,7.0,18.7,1.4,0.7,11.6,18.6,0.2,17260000.0,174124752.0,36.59,9.91
2024-2025,Justin Champagnie,23,WAS,1340,0.614,13.6,6.8,2.3,2.6,10.9,15.6,-0.5,1800000.0,173806822.0,75.61,1.04
2024-2025,Paul George,34,PHI,1334,0.543,9.3,20.9,2.8,1.5,14.7,23.5,-0.4,49205800.0,171336738.0,50.0,28.72
2024-2025,Ausar Thompson,22,DET,1328,0.568,12.6,14.4,3.5,2.9,13.3,19.1,1.7,8376000.0,140501660.0,71.95,5.96
2024-2025,Donovan Clingan,20,POR,1324,0.574,21.6,8.3,1.2,7.5,15.9,14.2,-0.3,6836400.0,167012048.0,81.71,4.09
2024-2025,Jordan Hawkins,22,NOP,1321,0.504,6.5,7.3,1.1,1.7,8.8,21.0,-5.4,4525680.0,172778396.0,68.29,2.62
2024-2025,Tyrese Martin,25,BRK,1315,0.533,9.5,14.6,1.3,0.7,13.1,18.8,-2.6,635853.0,168312896.0,73.17,0.38
2024-2025,Mason Plumlee,34,PHO,1300,0.645,19.5,13.6,1.3,3.4,18.6,10.8,-0.6,2087519.0,220708856.0,90.24,0.95
2024-2025,Jonathan Mogbo,23,TOR,1286,0.496,13.0,15.3,2.1,2.5,15.1,15.0,-1.9,1862265.0,170516134.0,76.83,1.09
2024-2025,Jalen Johnson,23,ATL,1284,0.569,15.3,20.5,2.0,2.6,15.1,22.5,1.8,4510905.0,170057021.0,43.9,2.65
2024-2025,Max Strus,28,CLE,1273,0.607,9.2,15.6,1.0,0.9,12.2,14.7,1.3,15212068.0,165110486.0,60.98,9.21
2024-2025,Johnny Juzang,23,UTA,1270,0.573,7.8,7.9,1.5,0.6,6.7,17.6,-2.3,3087519.0,154060898.0,78.05,2.0
2024-2025,Ron Holland,19,DET,1266,0.556,9.5,8.9,1.9,1.3,13.3,18.1,-3.0,8245320.0,140501660.0,98.78,5.87
2024-2025,Javonte Green,31,NOP,1092,0.569,8.8,5.5,2.4,2.6,10.0,10.9,-2.2,2328350.0,172778396.0,60.98,1.35
2024-2025,Javonte Green,31,NOP,1092,0.569,8.8,5.5,2.4,2.6,10.0,10.9,-2.2,2328350.0,172778396.0,60.98,1.35
2024-2025,Nick Richards,27,PHO,816,0.645,21.1,3.8,0.4,3.3,15.3,17.0,-3.9,5000000.0,220708856.0,43.9,2.27
2024-2025,Dean Wade,28,CLE,1252,0.563,10.8,7.3,1.6,1.4,7.2,10.4,0.3,6166667.0,165110486.0,71.95,3.73
2024-2025,Ricky Council IV,23,PHI,1250,0.502,9.7,11.4,1.3,1.0,8.9,20.3,-4.3,1891857.0,171336738.0,89.02,1.1
2024-2025,Tidjane Salaun,19,CHO,1244,0.457,12.0,8.5,1.1,1.1,13.1,15.2,-5.2,7488720.0,168575524.0,73.17,4.44
2024-2025,Bobby Portis,29,MIL,1244,0.542,18.0,12.9,1.4,1.9,8.3,24.1,0.2,12578286.0,182559432.0,59.76,6.89
2024-2025,Moussa Diabate,23,CHO,1241,0.609,18.8,6.8,1.8,3.2,15.6,13.4,-1.9,957763.0,168575524.0,86.59,0.57
2024-2025,Jeremiah Robinson-Earl,24,NOP,1239,0.563,13.7,9.9,1.5,0.5,12.1,14.4,-2.5,2196970.0,172778396.0,80.49,1.27
2024-2025,Simone Fontecchio,29,DET,1237,0.544,9.6,6.9,1.2,0.9,11.6,15.8,-2.9,7692308.0,140501660.0,91.46,5.47
2024-2025,Cole Anthony,24,ORL,1234,0.531,9.5,25.5,1.8,2.5,14.8,24.6,0.1,12900000.0,152308863.0,81.71,8.47
2024-2025,Ben Sheppard,23,IND,1228,0.555,8.0,8.6,1.5,1.0,6.9,11.3,-2.0,2663880.0,169543082.0,76.83,1.57
2024-2025,Daniel Gafford,26,DAL,1226,0.716,17.2,10.2,0.9,7.1,11.9,19.5,3.8,13394160.0,174411922.0,69.51,7.68
2024-2025,John Collins,27,UTA,1220,0.628,14.4,10.8,1.5,3.1,14.6,24.2,1.0,26580000.0,154060898.0,48.78,17.25
2024-2025,Caleb Martin,29,PHI,943,0.531,8.2,10.2,1.8,2.1,14.0,14.2,-2.5,9186594.0,171336738.0,37.8,5.36
2024-2025,Kristaps Porzingis,29,BOS,1210,0.618,12.8,11.4,1.3,4.8,7.4,25.9,4.7,29268293.0,195348491.0,51.22,14.98
2024-2025,Brandon Clarke,28,MEM,1207,0.638,14.3,7.4,2.0,2.7,8.9,15.3,0.8,12500000.0,165903638.0,78.05,7.53
2024-2025,Deandre Ayton,26,POR,1206,0.583,18.2,8.5,1.2,2.9,12.2,19.4,-0.7,34005126.0,167012048.0,48.78,20.36
2024-2025,Jarace Walker,21,IND,1187,0.59,10.8,12.2,2.2,1.9,16.7,17.1,-0.9,6362520.0,169543082.0,91.46,3.75
2024-2025,Kawhi Leonard,33,LAC,1180,0.589,10.5,16.4,2.5,1.4,9.6,27.7,3.1,49205800.0,174124752.0,45.12,28.26
2024-2025,Clint Capela,30,ATL,1176,0.564,21.8,7.4,1.4,4.1,9.8,16.7,-1.0,22265280.0,170057021.0,67.07,13.09
2024-2025,Cody Martin,29,CHO,967,0.528,9.7,13.6,2.2,2.6,12.7,14.6,-1.2,8120000.0,168575524.0,47.56,4.82
2024-2025,Mark Williams,23,CHO,1171,0.647,20.3,16.5,1.3,4.5,12.0,21.4,3.5,4094280.0,168575524.0,53.66,2.43
2024-2025,Precious Achiuwa,25,NYK,1170,0.53,15.5,6.2,2.0,3.3,11.2,14.9,-1.9,6000000.0,191906878.0,69.51,3.13
2024-2025,Nikola Jovic,21,MIA,1156,0.595,8.6,16.6,1.6,1.1,12.6,18.3,0.3,2464200.0,176102077.0,56.1,1.4
2024-2025,Justin Edwards,21,PHI,1155,0.559,7.3,8.9,1.9,1.4,11.0,16.9,-3.7,425619.0,171336738.0,53.66,0.25
2024-2025,Vit Krejci,24,ATL,1153,0.661,7.4,16.5,1.5,2.1,13.8,12.9,0.7,2162606.0,170057021.0,69.51,1.27
2024-2025,Jonathan Kuminga,22,GSW,1144,0.535,10.2,14.6,1.6,1.7,9.6,27.4,-0.6,7636307.0,170316619.0,57.32,4.48
2024-2025,Kevon Looney,28,GSW,1142,0.535,21.8,14.3,2.0,3.1,10.8,13.3,0.3,8000000.0,170316619.0,92.68,4.7
2024-2025,Kenrich Williams,30,OKC,1132,0.587,11.4,11.0,1.8,0.9,9.5,15.4,0.6,6669000.0,166418720.0,84.15,4.01
2024-2025,Julian Phillips,21,CHI,1123,0.571,7.9,4.4,1.6,1.5,7.8,12.9,-3.0,1891857.0,165722496.0,96.34,1.14
2024-2025,Aaron Nesmith,25,IND,1123,0.653,8.8,6.6,1.5,1.4,8.2,17.4,-0.5,11000000.0,169543082.0,54.88,6.49
2024-2025,Dalano Banton,25,POR,1120,0.497,6.5,21.5,1.9,2.8,13.3,24.1,-0.8,2196970.0,167012048.0,81.71,1.32
2024-2025,Ben Simmons,28,BRK,825,0.562,11.8,41.6,1.6,1.9,32.7,14.3,-1.0,40011909.0,168312896.0,40.24,23.77
2024-2025,Ben Simmons,28,BRK,825,0.562,11.8,41.6,1.6,1.9,32.7,14.3,-1.0,40011909.0,168312896.0,40.24,23.77
2024-2025,Ja'Kobe Walter,20,TOR,1103,0.523,7.8,10.2,1.9,0.9,10.4,18.2,-3.0,3465000.0,170516134.0,63.41,2.03
2024-2025,Jaxson Hayes,24,LAL,1093,0.72,13.9,7.5,1.4,4.4,13.9,12.4,-0.3,2463946.0,192057940.0,68.29,1.28
2024-2025,Cameron Payne,30,NYK,1090,0.532,5.5,25.5,1.8,1.4,10.0,20.8,-0.2,2087519.0,191906878.0,87.8,1.09
2024-2025,Jonathan Isaac,27,ORL,1090,0.512,16.5,5.5,2.8,7.0,8.2,16.2,0.7,25000000.0,152308863.0,86.59,16.41
2024-2025,DaQuan Jeffries,27,CHO,1071,0.518,6.7,7.2,1.2,2.3,10.3,13.5,-4.7,2425404.0,168575524.0,57.32,1.44
2024-2025,Jusuf Nurkic,30,PHO,592,0.556,21.6,10.9,1.9,2.5,22.8,18.7,-3.4,18125000.0,220708856.0,30.49,8.21
2024-2025,Seth Curry,34,CHO,1062,0.616,5.7,8.8,1.3,0.6,8.2,15.7,-1.7,2087519.0,168575524.0,82.93,1.24
2024-2025,Cody Williams,20,UTA,1060,0.419,5.7,7.4,1.0,1.4,13.8,12.5,-7.3,5469120.0,154060898.0,60.98,3.55
2024-2025,Isaac Okoro,24,CLE,1053,0.587,6.7,8.0,1.5,1.4,7.4,12.5,-0.5,10185186.0,165110486.0,67.07,6.17
2024-2025,Oso Ighodaro,22,PHO,1045,0.61,11.9,9.1,1.3,2.6,15.7,10.5,-2.6,1157153.0,220708856.0,74.39,0.52
2024-2025,Jared Butler,24,PHI,682,0.54,5.7,31.2,2.2,1.2,14.6,22.2,-2.1,745726.0,171336738.0,34.15,0.44
2024-2025,Jamison Battle,23,TOR,1042,0.59,8.1,7.1,0.8,0.9,7.1,15.3,-2.3,1000000.0,170516134.0,71.95,0.59
2024-2025,Noah Clowney,20,BRK,1042,0.516,9.9,5.9,1.1,2.0,10.2,19.0,-4.1,3244080.0,168312896.0,56.1,1.93
2024-2025,Alex Caruso,30,OKC,1041,0.568,8.2,16.6,4.0,2.9,9.9,15.2,4.0,9890000.0,166418720.0,65.85,5.94
2024-2025,Kris Murray,24,POR,1040,0.472,9.5,9.0,1.6,1.5,12.4,13.9,-3.0,2990040.0,167012048.0,84.15,1.79
2024-2025,Dejounte Murray,28,NOP,1012,0.494,10.7,34.6,3.0,1.1,16.2,27.3,-1.6,29517135.0,172778396.0,37.8,17.08
2024-2025,Jalen Suggs,23,ORL,1002,0.536,8.1,21.6,2.5,3.2,16.2,27.5,0.4,9188385.0,152308863.0,42.68,6.03
2024-2025,Kyle Anderson,31,GSW,541,0.522,10.9,21.2,2.3,3.5,10.0,15.7,2.3,8780488.0,170316619.0,43.9,5.16
2024-2025,Brandon Boston Jr.,23,NOP,993,0.535,7.3,13.7,2.6,0.9,11.1,20.0,-2.5,596581.0,172778396.0,51.22,0.35
2024-2025,Dalen Terry,22,CHI,987,0.546,6.6,12.7,2.1,1.3,15.1,14.9,-3.8,3510480.0,165722496.0,89.02,2.12
2024-2025,Andre Jackson Jr.,23,MIL,980,0.554,10.1,10.9,1.7,1.3,21.8,11.9,-3.4,1891857.0,182559432.0,81.71,1.04
2024-2025,Zach Collins,27,CHI,552,0.635,17.8,14.6,1.3,2.2,16.4,17.1,0.1,16741200.0,165722496.0,34.15,10.1
2024-2025,Trayce Jackson-Davis,24,GSW,967,0.587,17.3,16.1,1.2,3.7,11.5,17.1,1.2,1891857.0,170316619.0,75.61,1.11
2024-2025,Thomas Bryant,27,IND,848,0.613,14.4,8.0,1.5,3.4,8.1,17.6,0.7,2087519.0,169543082.0,68.29,1.23
2024-2025,Jalen Smith,24,CHI,962,0.586,19.5,9.7,0.8,4.0,7.6,21.0,0.9,8571429.0,165722496.0,78.05,5.17
2024-2025,Jordan Clarkson,32,UTA,962,0.54,6.6,22.9,1.5,0.9,13.4,27.8,-1.5,14092577.0,154060898.0,45.12,9.15
2024-2025,Gary Payton II,32,GSW,927,0.635,10.7,13.5,2.7,1.7,11.0,16.1,1.4,9130000.0,170316619.0,75.61,5.36
2024-2025,Brandon Miller,22,CHO,924,0.54,7.6,18.3,1.5,2.1,12.6,27.7,0.0,11424600.0,168575524.0,32.93,6.78
2024-2025,Bruce Brown,28,NOP,569,0.488,9.1,13.8,1.4,1.2,9.4,15.9,-4.6,23000000.0,172778396.0,28.05,13.31
2024-2025,Immanuel Quickley,25,TOR,918,0.57,6.8,31.5,1.2,0.4,10.5,25.1,2.2,32500000.0,170516134.0,40.24,19.06
2024-2025,Trendon Watford,24,BRK,913,0.557,9.9,21.0,1.5,1.3,17.1,23.3,-3.1,2726603.0,168312896.0,53.66,1.62
2024-2025,Jaden Hardy,22,DAL,907,0.549,5.3,13.2,1.5,0.5,15.4,25.3,-4.7,2019699.0,174411922.0,69.51,1.16
2024-2025,Day'Ron Sharpe,23,BRK,907,0.568,20.7,16.8,2.3,4.6,15.3,19.9,0.9,3989122.0,168312896.0,60.98,2.37
2024-2025,Adem Bona,21,PHI,905,0.714,15.3,4.4,1.4,7.5,20.5,14.3,-2.7,1157153.0,171336738.0,70.73,0.68
2024-2025,Jaden Ivey,22,DET,898,0.569,7.6,19.7,1.5,1.2,16.1,26.0,0.0,7977240.0,140501660.0,36.59,5.68
2024-2025,Kelly Olynyk,33,NOP,508,0.596,12.4,20.4,1.6,2.1,18.7,18.2,-1.4,12804878.0,172778396.0,24.39,7.41
2024-2025,Chet Holmgren,22,OKC,877,0.599,15.7,9.7,1.3,8.2,12.3,22.0,2.4,10880640.0,166418720.0,39.02,6.54
2024-2025,Neemias Queta,25,BOS,863,0.674,14.9,7.4,1.0,4.5,14.8,13.7,-0.7,2162606.0,195348491.0,75.61,1.11
2024-2025,Alec Burks,33,MIA,863,0.608,7.9,9.1,1.6,0.8,9.0,16.5,0.3,2087519.0,176102077.0,59.76,1.19
2024-2025,Chris Boucher,32,TOR,862,0.615,13.9,5.9,1.3,2.8,6.6,21.2,2.3,10810000.0,170516134.0,60.98,6.34
2024-2025,Zion Williamson,24,NOP,857,0.6,13.6,36.6,2.1,3.0,12.8,34.7,7.0,36725670.0,172778396.0,36.59,21.26
2024-2025,Khris Middleton,33,MIL,534,0.627,8.7,28.5,1.5,0.9,13.8,22.0,2.2,31000000.0,182559432.0,28.05,16.98
2024-2025,Dereck Lively II,20,DAL,833,0.704,17.7,14.3,1.2,5.7,15.5,13.6,3.3,5014560.0,174411922.0,43.9,2.88
2024-2025,Garrison Mathews,28,ATL,830,0.606,5.7,9.3,1.5,1.7,9.6,15.9,-1.6,2230253.0,170057021.0,57.32,1.31
2024-2025,Cam Whitmore,20,HOU,827,0.549,9.7,8.9,1.8,1.4,9.6,23.9,0.3,3379080.0,163038023.0,62.2,2.07
2024-2025,Ryan Rollins,22,MIL,820,0.6,7.2,17.8,2.5,1.9,15.4,18.4,-0.5,1091887.0,182559432.0,68.29,0.6
2024-2025,Ryan Rollins,22,MIL,820,0.6,7.2,17.8,2.5,1.9,15.4,18.4,-0.5,1091887.0,182559432.0,68.29,0.6
2024-2025,Marcus Sasser,24,DET,811,0.589,4.7,22.9,2.2,0.5,14.5,19.4,-0.6,2755080.0,140501660.0,69.51,1.96
2024-2025,Steven Adams,31,HOU,794,0.541,21.9,10.9,1.3,3.2,20.6,13.6,0.3,12600000.0,163038023.0,70.73,7.73
2024-2025,Aaron Holiday,28,HOU,792,0.594,5.2,14.3,1.2,1.2,11.5,16.8,-0.2,4668000.0,163038023.0,75.61,2.86
2024-2025,Karlo Matkovic,23,NOP,791,0.639,14.2,8.6,1.3,5.0,14.5,15.9,-2.0,1407153.0,172778396.0,51.22,0.81
2024-2025,Caleb Houstan,22,ORL,788,0.605,5.5,6.4,1.4,0.7,6.2,11.7,-2.2,2019699.0,152308863.0,70.73,1.33
2024-2025,Vasilije Micic,31,CHO,764,0.462,6.1,24.8,1.0,0.0,20.3,20.3,-6.8,7723000.0,168575524.0,43.9,4.58
2024-2025,Jaylin Williams,22,OKC,784,0.594,17.9,19.0,1.3,3.7,13.0,14.6,4.3,2019699.0,166418720.0,57.32,1.21
2024-2025,Pelle Larsson,23,MIA,782,0.546,6.5,11.6,2.0,0.9,9.5,14.4,-3.1,1157153.0,176102077.0,67.07,0.66
2024-2025,Cam Thomas,23,BRK,781,0.575,6.0,22.9,1.0,0.3,10.6,32.6,0.3,4041249.0,168312896.0,30.49,2.4
2024-2025,Lindy Waters III,27,GSW,655,0.498,7.9,8.8,1.6,1.5,7.5,14.6,-3.1,2196970.0,170316619.0,46.34,1.29
2024-2025,Lonzo Ball,27,CHI,777,0.524,8.0,18.9,2.8,1.9,13.9,15.9,0.2,21395348.0,165722496.0,42.68,12.91
2024-2025,Orlando Robinson,24,TOR,713,0.523,15.5,13.5,0.9,2.0,14.2,18.6,-3.5,1691610.0,170516134.0,42.68,0.99
2024-2025,Orlando Robinson,24,TOR,713,0.523,15.5,13.5,0.9,2.0,14.2,18.6,-3.5,1691610.0,170516134.0,42.68,0.99
2024-2025,Orlando Robinson,24,TOR,713,0.523,15.5,13.5,0.9,2.0,14.2,18.6,-3.5,1691610.0,170516134.0,42.68,0.99
2024-2025,Orlando Robinson,24,TOR,713,0.523,15.5,13.5,0.9,2.0,14.2,18.6,-3.5,1691610.0,170516134.0,42.68,0.99
2024-2025,Eric Gordon,36,PHI,768,0.591,3.4,12.0,1.7,1.5,11.1,14.4,-1.6,3303771.0,171336738.0,47.56,1.93
2024-2025,Gui Santos,22,GSW,762,0.575,12.1,14.2,1.6,1.2,17.5,13.2,-1.7,1891857.0,170316619.0,68.29,1.11
2024-2025,Landry Shamet,27,NYK,762,0.601,4.6,4.7,1.5,0.2,8.5,14.8,-2.4,1343690.0,191906878.0,60.98,0.7
2024-2025,Svi Mykhailiuk,27,UTA,760,0.526,6.4,14.7,1.2,0.9,14.1,20.3,-3.5,3500000.0,154060898.0,46.34,2.27
2024-2025,Andre Drummond,31,PHI,751,0.535,23.4,6.8,2.6,2.4,16.7,19.1,-3.2,5000000.0,171336738.0,48.78,2.92
2024-2025,Jabari Walker,22,POR,749,0.601,15.3,7.2,2.1,0.7,11.6,16.3,-0.8,2019699.0,167012048.0,73.17,1.21
2024-2025,Jay Huff,26,MEM,748,0.666,9.1,7.0,1.0,6.9,9.3,19.6,3.5,2088033.0,165903638.0,78.05,1.26
2024-2025,Drew Eubanks,27,UTA,568,0.632,15.9,11.7,0.8,5.3,15.4,14.8,0.0,5000000.0,154060898.0,45.12,3.25
2024-2025,Talen Horton-Tucker,24,CHI,724,0.567,7.2,16.1,1.4,1.3,10.7,21.6,-2.4,2087519.0,165722496.0,70.73,1.26
2024-2025,Gary Harris,30,ORL,711,0.524,5.2,5.8,1.8,1.6,10.9,9.5,-2.7,7500000.0,152308863.0,58.54,4.92
2024-2025,Jett Howard,21,ORL,701,0.491,5.7,9.6,0.9,1.5,11.7,19.2,-5.3,5278320.0,152308863.0,73.17,3.47
2024-2025,DeAndre Jordan,36,DEN,691,0.621,22.6,9.5,1.1,3.5,19.2,12.8,-1.2,2087519.0,185864258.0,68.29,1.12
2024-2025,Quinten Post,24,GSW,686,0.595,11.6,12.2,1.1,2.5,10.3,19.6,0.1,438920.0,170316619.0,51.22,0.26
2024-2025,Blake Wesley,21,SAS,683,0.51,4.8,22.3,2.6,0.8,20.2,16.7,-4.2,2624280.0,162395330.0,70.73,1.62
2024-2025,Sandro Mamukelashvili,25,SAS,681,0.628,14.7,10.7,1.6,2.3,7.8,20.8,2.3,2087519.0,162395330.0,74.39,1.29
2024-2025,Jalen Pickett,25,DEN,666,0.545,5.9,19.5,1.4,0.7,11.6,13.2,-1.5,1891857.0,185864258.0,59.76,1.02
2024-2025,Antonio Reeves,24,NOP,660,0.579,5.1,8.8,1.5,0.6,10.2,18.8,-3.2,1157153.0,172778396.0,53.66,0.67
2024-2025,Kyle Lowry,38,PHI,659,0.525,5.8,19.2,2.5,1.6,13.8,10.1,-1.3,2087519.0,171336738.0,42.68,1.22
2024-2025,Reed Sheppard,20,HOU,654,0.465,6.4,15.2,2.6,2.3,13.1,17.8,-1.7,10098960.0,163038023.0,63.41,6.19
2024-2025,Herbert Jones,26,NOP,648,0.541,6.5,13.8,2.8,1.3,15.6,14.6,-3.6,12976362.0,172778396.0,24.39,7.51
2024-2025,AJ Johnson,20,WAS,595,0.478,4.5,16.7,0.9,0.5,12.9,17.0,-8.3,2795294.0,173806822.0,26.83,1.61
2024-2025,Maxi Kleber,33,DAL,637,0.489,8.1,8.3,0.7,2.3,17.9,8.7,-3.8,11000000.0,174411922.0,41.46,6.31
2024-2025,Daniel Theis,32,NOP,621,0.558,14.2,13.0,1.4,3.1,14.7,11.6,-3.3,2087519.0,172778396.0,46.34,1.21
2024-2025,Cory Joseph,33,ORL,612,0.547,6.9,17.0,2.1,0.6,10.0,12.8,-0.8,3303771.0,152308863.0,60.98,2.17
2024-2025,Zeke Nnaji,24,DEN,608,0.574,8.1,4.6,2.0,5.6,8.0,12.2,-1.3,8888889.0,185864258.0,69.51,4.78
2024-2025,Pat Connaughton,32,MIL,603,0.567,9.8,15.8,0.7,1.7,11.2,15.6,-2.3,9423869.0,182559432.0,50.0,5.16
2024-2025,Ajay Mitchell,22,OKC,597,0.587,6.1,13.8,2.0,0.7,12.7,16.2,-1.6,3000000.0,166418720.0,43.9,1.8
2024-2025,Brandon Ingram,27,NOP,595,0.56,9.1,26.8,1.3,1.8,16.2,30.2,-0.3,36016200.0,172778396.0,21.95,20.85
2024-2025,Jared McCain,20,PHI,592,0.589,5.4,16.7,1.2,0.0,11.0,24.7,0.2,4020360.0,171336738.0,28.05,2.35
2024-2025,Cam Reddish,25,LAL,589,0.498,6.3,4.8,2.8,1.6,10.2,8.8,-2.7,2463946.0,192057940.0,40.24,1.28
2024-2025,Jae'Sean Tate,29,HOU,588,0.557,10.6,10.5,2.2,1.1,11.5,13.3,-0.7,7565217.0,163038023.0,63.41,4.64
2024-2025,Olivier-Maxence Prosper,22,DAL,584,0.484,11.8,9.1,2.2,0.9,6.3,16.3,-2.1,2870400.0,174411922.0,63.41,1.65
2024-2025,Jarred Vanderbilt,25,LAL,581,0.537,17.6,9.4,3.0,1.6,17.5,12.5,-1.0,10714286.0,192057940.0,43.9,5.58
2024-2025,Joel Embiid,30,PHI,574,0.58,15.3,25.6,1.2,3.1,13.7,34.2,3.5,51415938.0,171336738.0,23.17,30.01
2024-2025,Monte Morris,29,PHO,571,0.546,6.5,18.1,1.7,0.5,9.0,18.1,-1.8,2087519.0,220708856.0,54.88,0.95
2024-2025,Moritz Wagner,27,ORL,564,0.649,15.0,13.7,2.1,2.0,14.1,26.8,4.0,11000000.0,152308863.0,36.59,7.22
2024-2025,Malcolm Brogdon,32,WAS,564,0.544,8.4,27.4,1.1,0.8,11.9,23.7,-1.5,22500000.0,173806822.0,29.27,12.95
2024-2025,John Konchar,28,MEM,558,0.592,14.3,8.8,2.5,2.3,14.5,8.0,1.7,6165000.0,165903638.0,56.1,3.72
2024-2025,Dwight Powell,33,DAL,551,0.713,11.7,12.5,1.6,3.3,18.4,7.6,0.0,4000000.0,174411922.0,67.07,2.29
2024-2025,Dillon Jones,23,OKC,551,0.464,11.8,12.6,1.4,0.7,16.2,13.3,-4.0,2622360.0,166418720.0,65.85,1.58
2024-2025,Jordan Goodwin,26,LAL,543,0.541,11.6,10.5,2.7,1.9,14.9,14.1,-0.8,223718.0,192057940.0,35.37,0.12
2024-2025,Richaun Holmes,31,WAS,534,0.695,17.2,12.1,0.8,3.9,11.3,14.7,1.1,12648321.0,173806822.0,37.8,7.28
2024-2025,Mouhamed Gueye,22,ATL,533,0.52,14.3,6.6,2.5,5.7,7.3,15.7,-0.6,1891857.0,170057021.0,40.24,1.11
2024-2025,Bismack Biyombo,32,SAS,528,0.576,16.0,7.9,1.5,3.9,17.8,12.3,-3.6,647851.0,162395330.0,34.15,0.4
2024-2025,Bismack Biyombo,32,SAS,528,0.576,16.0,7.9,1.5,3.9,17.8,12.3,-3.6,647851.0,162395330.0,34.15,0.4
2024-2025,Bismack Biyombo,32,SAS,528,0.576,16.0,7.9,1.5,3.9,17.8,12.3,-3.6,647851.0,162395330.0,34.15,0.4
2024-2025,Jaylen Clark,23,MIN,522,0.598,5.6,6.7,3.4,0.4,5.5,12.0,-0.2,492323.0,203708244.0,48.78,0.24
2024-2025,Rob Dillingham,20,MIN,516,0.503,5.4,28.4,1.9,0.2,19.6,22.7,-4.2,6262920.0,203708244.0,59.76,3.07
2024-2025,Craig Porter Jr.,24,CLE,513,0.61,7.1,17.7,1.6,2.6,19.8,15.9,1.1,1891857.0,165110486.0,62.2,1.15
2024-2025,Jock Landale,29,HOU,500,0.59,14.6,10.3,1.3,1.8,11.0,15.7,0.4,8000000.0,163038023.0,51.22,4.91
2023-2024,DeMar DeRozan,34,CHI,2989,0.584,6.4,21.8,1.5,1.5,7.7,25.8,1.8,28600000.0,165630436.0,96.34,17.27
2023-2024,Domantas Sabonis,27,SAC,2928,0.637,21.4,33.9,1.2,1.5,17.9,22.2,6.5,30600000.0,153564021.0,100.0,19.93
2023-2024,Coby White,23,CHI,2881,0.57,6.9,20.8,0.9,0.6,11.1,22.7,-0.7,11111111.0,165630436.0,96.34,6.71
2023-2024,Mikal Bridges,27,BRK,2854,0.56,7.1,16.3,1.4,0.9,10.3,24.3,-0.4,21700000.0,155015136.0,100.0,14.0
2023-2024,Paolo Banchero,21,ORL,2799,0.546,11.6,25.2,1.3,1.6,13.0,29.7,1.3,11608080.0,132643598.0,97.56,8.75
2023-2024,Kevin Durant,35,PHO,2791,0.626,10.0,22.2,1.2,2.9,13.1,29.0,4.0,47649433.0,193838882.0,91.46,24.58
2023-2024,Dejounte Murray,27,ATL,2783,0.555,8.1,27.9,1.9,0.8,11.3,26.6,1.7,18214000.0,159153393.0,95.12,11.44
2023-2024,Anthony Edwards,22,MIN,2770,0.575,8.8,24.6,1.8,1.3,11.9,32.3,3.3,9219512.0,166434327.0,96.34,5.54
2023-2024,Nikola Jokic,28,DEN,2737,0.65,19.8,42.0,2.0,2.1,12.9,29.3,13.2,47607350.0,180922992.0,96.34,26.31
2023-2024,Jalen Brunson,27,NYK,2726,0.592,5.7,33.5,1.3,0.4,9.1,32.5,5.8,26346666.0,164990518.0,93.9,15.97
2023-2024,Josh Hart,28,NYK,2707,0.522,14.0,16.3,1.4,0.8,13.9,13.5,0.0,12960000.0,164990518.0,98.78,7.85
2023-2024,Anthony Davis,30,LAL,2700,0.621,19.8,15.5,1.6,5.7,9.5,26.7,5.1,40600080.0,169876920.0,92.68,23.9
2023-2024,Fred VanVleet,29,HOU,2684,0.568,5.6,31.1,1.8,2.0,10.1,19.7,3.4,40806300.0,149356730.0,89.02,27.32
2023-2024,De'Aaron Fox,26,SAC,2659,0.567,7.2,25.2,2.7,1.1,10.1,31.0,2.7,32600060.0,153564021.0,90.24,21.23
2023-2024,Pascal Siakam,29,TOR,1354,0.6,10.0,22.1,1.1,0.7,10.3,25.3,1.4,37893408.0,163054678.0,47.56,23.24
2023-2024,Pascal Siakam,29,IND,1303,0.602,13.9,16.5,1.1,0.9,7.4,25.2,2.5,37893408.0,148722330.0,50.0,25.48
2023-2024,Jayson Tatum,25,BOS,2645,0.604,12.3,21.0,1.4,1.4,10.3,30.2,5.1,32600060.0,186940921.0,90.24,17.44
2023-2024,Austin Reaves,25,LAL,2629,0.613,7.4,23.5,1.2,0.8,14.1,20.3,0.4,12015150.0,169876920.0,100.0,7.07
2023-2024,Tyrese Maxey,23,PHI,2626,0.573,5.4,26.7,1.3,1.1,6.8,28.0,3.1,4343920.0,166271894.0,85.37,2.61
2023-2024,Luka Doncic,24,DAL,2624,0.617,13.5,44.3,1.8,1.3,12.8,36.0,9.9,40064220.0,167755884.0,85.37,23.88
2023-2024,Nikola Vucevic,33,CHI,2610,0.54,17.1,15.2,1.0,2.4,8.6,23.3,0.1,18518519.0,165630436.0,92.68,11.18
2023-2024,Jalen Green,21,HOU,2601,0.541,8.7,17.3,1.2,1.0,11.4,27.4,-0.5,9891480.0,149356730.0,100.0,6.62
2023-2024,Rudy Gobert,31,MIN,2593,0.675,21.5,5.6,1.0,5.5,13.1,15.4,1.8,41000000.0,166434327.0,92.68,24.63
2023-2024,Keegan Murray,23,SAC,2588,0.569,9.1,6.9,1.5,2.1,5.9,18.1,-0.9,8409000.0,153564021.0,93.9,5.48
2023-2024,Miles Bridges,25,CHO,2581,0.556,11.0,14.6,1.2,1.2,9.6,24.7,-1.1,7921301.0,140774484.0,84.15,5.63
2023-2024,Damian Lillard,33,MIL,2579,0.59,6.8,28.8,1.3,0.6,11.4,28.4,2.1,45640084.0,187346674.0,89.02,24.36
2023-2024,Giannis Antetokounmpo,29,MIL,2567,0.649,17.9,32.7,1.6,2.6,12.7,33.0,9.0,45640084.0,187346674.0,89.02,24.36
2023-2024,Michael Porter Jr.,25,DEN,2565,0.601,12.2,6.7,0.8,1.8,7.5,20.7,0.1,33386850.0,180922992.0,98.78,18.45
2023-2024,Shai Gilgeous-Alexander,25,OKC,2553,0.636,9.1,29.8,2.8,2.4,8.4,32.8,9.0,33386850.0,162515272.0,91.46,20.54
2023-2024,Grayson Allen,28,PHO,2513,0.679,6.6,12.1,1.3,1.6,11.3,14.5,1.3,8925000.0,193838882.0,91.46,4.6
2023-2024,LeBron James,39,LAL,2504,0.63,11.5,37.5,1.7,1.3,14.5,29.2,6.5,47607350.0,169876920.0,86.59,28.02
2023-2024,Paul George,33,LAC,2502,0.613,8.8,16.1,2.2,1.3,10.1,26.6,3.2,45640084.0,201366679.0,90.24,22.67
2023-2024,Dennis Schroder,30,TOR,1559,0.559,4.9,28.0,1.4,0.5,11.7,19.4,-1.8,12405000.0,163054678.0,62.2,7.61
2023-2024,Dennis Schroder,30,BRK,927,0.535,6.0,28.0,0.9,0.9,15.0,21.8,-1.9,12405000.0,155015136.0,35.37,8.0
2023-2024,D'Angelo Russell,27,LAL,2484,0.588,5.3,27.6,1.3,1.3,11.8,23.0,0.9,17307693.0,169876920.0,92.68,10.19
2023-2024,James Harden,34,LAC,2470,0.612,8.4,33.6,1.5,2.1,16.0,20.6,4.1,35640000.0,201366679.0,87.8,17.7
2023-2024,Devin Booker,27,PHO,2447,0.611,7.1,31.2,1.2,1.0,10.6,29.8,3.0,36016200.0,193838882.0,82.93,18.58
2023-2024,Jarrett Allen,25,CLE,2442,0.664,18.7,13.2,1.1,3.0,11.2,19.4,3.0,20000000.0,166874287.0,93.9,11.99
2023-2024,Jabari Smith Jr.,20,HOU,2424,0.571,13.6,7.1,1.0,2.3,8.9,17.6,-0.4,9326520.0,149356730.0,92.68,6.24
2023-2024,Stephen Curry,35,GSW,2421,0.616,7.4,24.7,1.1,1.0,11.7,31.3,5.2,51915615.0,209354737.0,90.24,24.8
2023-2024,Bam Adebayo,26,MIA,2416,0.576,17.3,18.9,1.7,2.7,12.0,24.9,2.4,32600060.0,177143542.0,86.59,18.4
2023-2024,Chet Holmgren,21,OKC,2413,0.632,15.0,11.6,1.1,7.3,10.9,21.6,3.4,10386000.0,162515272.0,100.0,6.39
2023-2024,Brook Lopez,35,MIL,2411,0.608,9.3,7.1,0.9,6.7,8.8,16.0,1.0,25000000.0,187346674.0,96.34,13.34
2023-2024,Kentavious Caldwell-Pope,30,DEN,2402,0.602,4.2,9.5,2.0,1.5,10.5,12.9,-1.4,14704938.0,180922992.0,92.68,8.13
2023-2024,Bogdan Bogdanovic,31,ATL,2401,0.569,6.2,14.9,1.9,1.0,8.7,22.3,0.2,18700000.0,159153393.0,96.34,11.75
2023-2024,Brandon Miller,21,CHO,2383,0.552,7.4,11.6,1.4,1.6,10.2,23.9,-2.6,10880400.0,140774484.0,90.24,7.73
2023-2024,Harrison Barnes,31,SAC,2381,0.611,5.9,5.6,1.1,0.5,6.6,15.7,-1.8,17000000.0,153564021.0,100.0,11.07
2023-2024,Derrick White,29,BOS,2381,0.611,7.0,21.2,1.5,3.2,11.0,18.6,3.8,18357143.0,186940921.0,89.02,9.82
2023-2024,Tobias Harris,31,PHI,2368,0.576,10.6,13.8,1.5,1.8,8.2,20.7,0.9,39270150.0,166271894.0,85.37,23.62
2023-2024,Donte DiVincenzo,27,NYK,2360,0.597,7.1,13.7,2.3,1.4,9.7,21.3,3.4,10960000.0,164990518.0,98.78,6.64
2023-2024,Jordan Poole,24,WAS,2346,0.529,4.8,21.4,1.7,0.9,12.8,26.4,-3.9,27955357.0,150856313.0,95.12,18.53
2023-2024,Jaylen Brown,27,BOS,2343,0.58,8.9,16.6,1.8,1.4,10.7,28.9,0.7,31830357.0,186940921.0,85.37,17.03
2023-2024,Malik Beasley,27,MIL,2337,0.603,6.8,6.1,1.2,0.3,6.8,14.6,-1.8,2019760.0,187346674.0,96.34,1.08
2023-2024,Franz Wagner,22,ORL,2337,0.575,9.6,18.8,1.6,1.1,10.0,25.7,1.2,5508720.0,132643598.0,87.8,4.15
2023-2024,Kawhi Leonard,32,LAC,2330,0.626,10.1,16.9,2.4,2.3,8.5,26.5,5.5,45640084.0,201366679.0,82.93,22.67
2023-2024,Herbert Jones,25,NOP,2321,0.636,6.5,11.3,2.2,2.6,12.4,14.1,0.6,12015150.0,167403924.0,92.68,7.18
2023-2024,Aaron Gordon,28,DEN,2297,0.607,11.4,15.2,1.2,1.7,11.2,17.8,1.3,22266182.0,180922992.0,89.02,12.31
2023-2024,Klay Thompson,33,GSW,2284,0.576,6.0,11.2,1.1,1.4,8.9,24.2,-0.4,43219440.0,209354737.0,93.9,20.64
2023-2024,Kyle Kuzma,28,WAS,2281,0.547,10.9,20.7,0.8,1.8,11.9,29.7,-1.1,25568182.0,150856313.0,85.37,16.95
2023-2024,Jrue Holiday,33,BOS,2263,0.597,8.9,19.3,1.3,2.1,14.7,16.3,2.1,36861707.0,186940921.0,84.15,19.72
2023-2024,Deni Avdija,23,WAS,2257,0.597,12.8,17.8,1.2,1.3,14.8,20.2,-0.9,6263188.0,150856313.0,91.46,4.15
2023-2024,Devin Vassell,23,SAS,2248,0.578,6.3,19.1,1.5,0.8,8.6,23.5,0.0,5887899.0,142867770.0,82.93,4.12
2023-2024,Luguentz Dort,24,OKC,2246,0.593,7.0,6.3,1.5,1.9,9.3,15.4,-1.6,15277778.0,162515272.0,96.34,9.4
2023-2024,Max Strus,27,CLE,2239,0.553,8.5,17.3,1.4,1.2,12.7,17.4,-0.6,14487684.0,166874287.0,85.37,8.68
2023-2024,Dillon Brooks,28,HOU,2227,0.549,5.9,7.5,1.4,0.4,9.6,17.6,-3.6,22627671.0,149356730.0,87.8,15.15
2023-2024,Tyrese Haliburton,23,IND,2224,0.605,6.9,44.9,1.8,1.7,12.2,24.6,6.9,5808435.0,148722330.0,84.15,3.91
2023-2024,Jalen Williams,22,OKC,2223,0.621,7.1,21.3,1.7,1.9,10.1,23.7,2.3,4558680.0,162515272.0,86.59,2.81
2023-2024,P.J. Washington,25,CHO,1286,0.545,10.1,11.5,1.5,2.3,10.7,21.2,-2.8,16847826.0,140774484.0,53.66,11.97
2023-2024,P.J. Washington,25,DAL,935,0.522,10.5,6.2,1.7,2.5,8.5,16.3,-1.2,16847826.0,167755884.0,35.37,10.04
2023-2024,Jaden Ivey,21,DET,2217,0.536,6.6,20.2,1.2,1.6,14.7,24.9,-3.1,7641480.0,139233014.0,93.9,5.49
2023-2024,Ayo Dosunmu,24,CHI,2212,0.604,5.5,15.6,1.5,1.7,11.9,17.2,-0.8,6481481.0,165630436.0,92.68,3.91
2023-2024,Zion Williamson,23,NOP,2207,0.61,10.2,26.5,1.7,2.1,12.8,29.7,3.8,34005250.0,167403924.0,85.37,20.31
2023-2024,Mike Conley,36,MIN,2193,0.627,5.6,28.4,2.0,0.7,12.8,16.0,3.4,24360000.0,166434327.0,92.68,14.64
2023-2024,Jeremy Sochan,20,SAS,2193,0.513,11.7,16.0,1.3,1.5,14.3,18.8,-3.4,5316960.0,142867770.0,90.24,3.72
2023-2024,Buddy Hield,31,IND,1336,0.586,7.1,12.9,1.5,1.8,10.4,18.6,0.2,19279841.0,148722330.0,63.41,12.96
2023-2024,Buddy Hield,31,PHI,824,0.566,6.8,17.1,1.6,1.2,10.6,20.2,0.8,19279841.0,166271894.0,39.02,11.6
2023-2024,CJ McCollum,32,NOP,2159,0.592,7.4,21.4,1.4,1.9,9.0,24.7,3.1,35802469.0,167403924.0,80.49,21.39
2023-2024,Spencer Dinwiddie,30,BRK,1474,0.53,5.9,27.5,1.3,0.6,9.8,18.6,-1.3,1554654.0,155015136.0,58.54,1.0
2023-2024,Spencer Dinwiddie,30,LAL,678,0.586,3.9,12.2,0.9,1.7,15.1,12.2,-3.2,1554654.0,169876920.0,34.15,0.92
2023-2024,Tre Jones,24,SAS,2138,0.591,7.3,30.8,1.7,0.3,15.1,15.2,-0.4,9895833.0,142867770.0,93.9,6.93
2023-2024,Grant Williams,25,DAL,1242,0.56,7.4,8.2,0.9,1.9,13.4,13.6,-3.4,12325581.0,167755884.0,57.32,7.35
2023-2024,Grant Williams,25,CHO,888,0.618,9.4,15.7,1.1,1.3,14.7,19.0,-1.5,12325581.0,140774484.0,35.37,8.76
2023-2024,Jaren Jackson Jr.,24,MEM,2124,0.552,9.4,13.1,1.8,4.7,10.6,30.4,0.4,27102202.0,162649524.0,80.49,16.66
2023-2024,Tim Hardaway Jr.,31,DAL,2120,0.542,6.5,9.2,1.0,0.2,6.2,22.6,-2.9,17897728.0,167755884.0,96.34,10.67
2023-2024,Nic Claxton,24,BRK,2116,0.629,18.2,10.4,1.1,6.2,12.2,15.6,1.2,9625000.0,155015136.0,86.59,6.21
2023-2024,Jaime Jaquez Jr.,22,MIA,2113,0.574,7.6,13.9,1.8,0.9,12.4,18.7,-1.9,3510600.0,177143542.0,91.46,1.98
2023-2024,Taurean Prince,29,LAL,2108,0.579,6.1,7.2,1.3,1.4,10.8,13.8,-2.8,7455000.0,169876920.0,95.12,4.39
2023-2024,Victor Wembanyama,20,SAS,2106,0.565,19.4,21.5,2.0,10.0,16.2,32.2,5.2,12160680.0,142867770.0,86.59,8.51
2023-2024,Jaden McDaniels,23,MIN,2105,0.571,6.0,6.8,1.5,1.8,11.6,15.7,-2.6,3901399.0,166434327.0,87.8,2.34
2023-2024,Brandon Ingram,26,NOP,2103,0.578,8.6,26.7,1.2,1.9,12.4,27.2,1.2,33833400.0,167403924.0,78.05,20.21
2023-2024,Scottie Barnes,22,TOR,2094,0.566,13.0,26.2,1.7,3.7,13.6,24.8,3.7,8008560.0,163054678.0,73.17,4.91
2023-2024,Jusuf Nurkic,29,PHO,2078,0.559,22.8,19.9,1.9,3.4,19.1,19.1,1.1,16875000.0,193838882.0,92.68,8.71
2023-2024,Myles Turner,27,IND,2076,0.626,14.5,6.4,0.9,5.5,9.4,23.4,0.9,20975000.0,148722330.0,93.9,14.1
2023-2024,Collin Sexton,25,UTA,2075,0.607,5.4,29.5,1.4,0.8,12.1,27.5,1.9,17325000.0,133738448.0,95.12,12.95
2023-2024,Cam Thomas,22,BRK,2075,0.554,5.6,15.7,1.1,0.7,8.5,30.5,-1.2,2240160.0,155015136.0,80.49,1.45
2023-2024,Cade Cunningham,22,DET,2074,0.546,7.2,37.5,1.3,0.9,14.1,30.8,0.3,11055240.0,139233014.0,75.61,7.94
2023-2024,Corey Kispert,24,WAS,2067,0.62,5.8,10.7,0.9,0.6,10.2,19.6,-2.1,3722040.0,150856313.0,97.56,2.47
2023-2024,Saddiq Bey,24,ATL,2062,0.549,10.9,6.0,1.2,0.5,6.4,17.0,-1.8,4556983.0,159153393.0,76.83,2.86
2023-2024,Kelly Oubre Jr.,28,PHI,2055,0.535,9.2,7.3,1.8,2.1,8.2,22.4,-2.3,2019706.0,166271894.0,82.93,1.21
2023-2024,Alperen Sengun,21,HOU,2046,0.585,15.4,25.2,1.8,2.1,12.5,27.0,4.9,3536280.0,149356730.0,76.83,2.37
2023-2024,Jimmy Butler,34,MIA,2042,0.626,8.8,23.1,1.9,0.8,9.3,24.0,4.6,45183960.0,177143542.0,73.17,25.51
2023-2024,Alex Caruso,29,CHI,2040,0.613,7.5,16.4,2.9,3.5,14.9,14.7,2.5,9460000.0,165630436.0,86.59,5.71
2023-2024,Terry Rozier,29,CHO,1065,0.574,6.2,31.3,1.5,1.1,9.7,27.8,2.3,22205221.0,140774484.0,36.59,15.77
2023-2024,Terry Rozier,29,MIA,975,0.531,7.6,23.4,1.6,0.9,7.9,23.8,0.7,22205221.0,177143542.0,37.8,12.54
2023-2024,Keldon Johnson,24,SAS,2038,0.565,10.0,14.2,1.2,0.8,9.4,21.9,-1.7,20000000.0,142867770.0,84.15,14.0
2023-2024,Kyrie Irving,31,DAL,2030,0.608,7.8,23.8,1.7,1.2,8.0,28.1,4.9,37037037.0,167755884.0,70.73,22.08
2023-2024,Karl-Anthony Towns,28,MIN,2026,0.625,14.4,15.1,1.0,1.8,14.1,27.4,2.5,36016200.0,166434327.0,75.61,21.64
2023-2024,Jalen Suggs,22,ORL,2025,0.602,6.6,15.0,2.6,2.2,14.4,19.7,1.0,7252080.0,132643598.0,91.46,5.47
2023-2024,Keyonte George,20,UTA,2023,0.533,5.7,23.1,0.9,0.3,17.1,22.8,-4.4,3889800.0,133738448.0,91.46,2.91
2023-2024,Josh Giddey,21,OKC,2011,0.547,14.2,26.6,1.2,2.0,15.7,23.1,1.5,6587040.0,162515272.0,97.56,4.05
2023-2024,Bobby Portis,28,MIL,2008,0.581,16.6,7.8,1.6,1.4,8.6,22.9,-0.8,11710818.0,187346674.0,100.0,6.25
2023-2024,Aaron Nesmith,24,IND,1995,0.631,7.8,6.6,1.5,2.0,8.4,16.0,-0.5,5634257.0,148722330.0,87.8,3.79
2023-2024,Gary Trent Jr.,25,TOR,1994,0.548,5.2,8.6,1.9,0.4,5.0,20.0,-2.6,18560000.0,163054678.0,86.59,11.38
2023-2024,Norman Powell,30,LAC,1990,0.626,5.5,5.9,1.1,1.0,7.3,20.0,-0.8,18000000.0,201366679.0,92.68,8.94
2023-2024,Immanuel Quickley,24,NYK,720,0.598,6.0,15.9,1.1,0.4,7.6,24.4,2.5,4171548.0,164990518.0,36.59,2.53
2023-2024,Immanuel Quickley,24,TOR,1265,0.564,7.9,29.5,1.3,0.5,10.1,23.5,0.6,4171548.0,163054678.0,46.34,2.56
2023-2024,Brandin Podziemski,20,GSW,1968,0.54,11.7,18.1,1.5,0.6,12.2,15.4,-0.1,3352440.0,209354737.0,90.24,1.6
2023-2024,Naz Reid,24,MIN,1964,0.595,12.2,8.3,1.6,3.3,10.8,23.1,1.5,12950400.0,166434327.0,98.78,7.78
2023-2024,Caris LeVert,29,CLE,1958,0.524,8.0,25.7,1.9,1.6,11.4,23.1,0.2,15384616.0,166874287.0,82.93,9.22
2023-2024,Royce O'Neale,30,BRK,1202,0.544,10.1,15.5,1.3,2.2,13.2,13.9,-0.7,9500000.0,155015136.0,59.76,6.13
2023-2024,Royce O'Neale,30,PHO,752,0.555,11.7,14.3,1.8,1.8,9.1,13.9,1.3,9500000.0,193838882.0,36.59,4.9
2023-2024,Jonathan Kuminga,21,GSW,1949,0.598,9.8,12.5,1.4,1.7,10.9,24.1,-0.4,6012840.0,209354737.0,90.24,2.87
2023-2024,Donovan Mitchell,27,CLE,1942,0.595,8.1,28.3,2.6,1.4,11.1,31.4,5.8,33162030.0,166874287.0,67.07,19.87
2023-2024,Trae Young,25,ATL,1942,0.585,4.2,45.1,1.8,0.5,16.5,30.5,2.6,40064220.0,159153393.0,65.85,25.17
2023-2024,Dorian Finney-Smith,30,BRK,1934,0.546,9.0,7.6,1.4,1.8,10.0,13.2,-2.0,13932008.0,155015136.0,82.93,8.99
2023-2024,Tyus Jones,27,WAS,1933,0.578,5.0,34.6,1.7,0.8,8.8,16.3,0.7,14000000.0,150856313.0,80.49,9.28
2023-2024,Jonas Valanciunas,31,NOP,1925,0.619,20.9,13.3,0.8,3.5,12.1,20.8,1.2,15435000.0,167403924.0,100.0,9.22
2023-2024,Nickeil Alexander-Walker,25,MIN,1921,0.578,4.9,14.5,1.6,1.9,11.8,14.8,0.2,4687500.0,166434327.0,100.0,2.82
2023-2024,Andrew Wiggins,28,GSW,1920,0.544,9.0,8.6,1.1,1.9,9.2,20.9,-2.5,24330357.0,209354737.0,86.59,11.62
2023-2024,Duncan Robinson,29,MIA,1905,0.612,5.1,15.1,1.2,0.8,11.7,19.0,-0.9,18154000.0,177143542.0,82.93,10.25
2023-2024,John Collins,26,UTA,1901,0.621,16.7,6.1,1.0,2.9,10.6,20.4,-0.9,25340000.0,133738448.0,82.93,18.95
2023-2024,Darius Garland,24,CLE,1901,0.56,4.5,29.4,1.9,0.3,16.1,25.3,-1.0,34005250.0,166874287.0,69.51,20.38
2023-2024,Isaiah Hartenstein,25,NYK,1896,0.67,18.5,13.5,2.3,4.2,17.6,12.0,3.5,9245121.0,164990518.0,91.46,5.6
2023-2024,Eric Gordon,35,PHO,1893,0.58,3.6,10.0,1.7,1.4,10.2,16.5,-1.7,3196448.0,193838882.0,82.93,1.65
2023-2024,Jalen Johnson,22,ATL,1889,0.584,14.1,15.4,1.7,2.2,11.6,19.1,1.2,2925360.0,159153393.0,68.29,1.84
2023-2024,Isaac Okoro,23,CLE,1887,0.599,6.1,9.5,1.5,1.6,9.1,13.9,-1.1,8920795.0,166874287.0,84.15,5.35
2023-2024,Clint Capela,29,ATL,1883,0.59,22.4,6.9,1.1,5.1,9.5,17.3,0.1,20616000.0,159153393.0,89.02,12.95
2023-2024,Terance Mann,27,LAC,1873,0.615,7.7,8.5,1.1,0.7,8.2,13.6,-1.5,10576923.0,201366679.0,91.46,5.25
2023-2024,Malik Monk,25,SAC,1872,0.564,6.3,28.9,1.2,1.9,13.2,25.9,0.6,9945830.0,153564021.0,87.8,6.48
2023-2024,Bruce Brown,27,IND,981,0.568,8.9,12.3,1.7,0.6,10.5,16.7,-2.3,22000000.0,148722330.0,40.24,14.79
2023-2024,Bruce Brown,27,TOR,885,0.557,8.1,14.3,1.3,0.9,13.3,16.4,-4.5,22000000.0,163054678.0,41.46,13.49
2023-2024,Jamal Murray,26,DEN,1861,0.586,7.2,31.2,1.5,1.8,10.5,27.9,4.1,33833400.0,180922992.0,71.95,18.7
2023-2024,RJ Barrett,23,NYK,766,0.536,8.1,12.8,0.8,1.1,9.6,27.6,-2.0,23883929.0,164990518.0,31.71,14.48
2023-2024,RJ Barrett,23,TOR,1072,0.615,10.5,19.5,0.9,1.1,12.3,25.7,0.1,23883929.0,163054678.0,39.02,14.65
2023-2024,Georges Niang,30,CLE,1831,0.583,8.5,7.5,0.8,0.9,9.9,17.6,-2.9,8800000.0,166874287.0,100.0,5.27
2023-2024,Jerami Grant,29,POR,1830,0.573,5.8,13.8,1.2,1.7,10.5,25.7,-0.1,27586207.0,165263993.0,65.85,16.69
2023-2024,Rui Hachimura,25,LAL,1826,0.628,8.9,6.3,1.1,1.2,5.9,18.5,-0.9,15740741.0,169876920.0,82.93,9.27
2023-2024,Payton Pritchard,26,BOS,1825,0.597,7.8,20.7,1.1,0.3,8.5,17.2,1.0,4037278.0,186940921.0,100.0,2.16
2023-2024,Lauri Markkanen,26,UTA,1820,0.631,13.6,9.5,1.3,1.3,7.1,25.0,3.6,17259999.0,133738448.0,67.07,12.91
2023-2024,Reggie Jackson,33,DEN,1817,0.521,4.7,23.0,1.2,0.6,11.7,21.7,-3.2,5000000.0,180922992.0,100.0,2.76
2023-2024,Cole Anthony,23,ORL,1817,0.545,10.1,19.8,1.7,1.9,12.8,23.7,0.1,5539771.0,132643598.0,98.78,4.18
2023-2024,Daniel Gafford,25,WAS,1192,0.707,16.2,8.0,1.7,6.6,11.7,13.9,0.9,12402000.0,150856313.0,54.88,8.22
2023-2024,Daniel Gafford,25,DAL,623,0.769,17.6,11.1,1.6,7.9,11.7,16.4,5.9,12402000.0,167755884.0,35.37,7.39
2023-2024,Ivica Zubac,26,LAC,1794,0.671,19.7,7.5,0.6,4.2,11.8,16.4,0.8,10933333.0,201366679.0,82.93,5.43
2023-2024,Deandre Ayton,25,POR,1784,0.587,19.1,8.8,1.5,2.1,11.2,21.1,0.3,32459438.0,165263993.0,67.07,19.64
2023-2024,Derrick Jones Jr.,26,DAL,1783,0.592,7.7,5.5,1.4,2.5,10.5,14.9,-1.5,2019706.0,167755884.0,92.68,1.2
2023-2024,Kyle Anderson,30,MIN,1782,0.513,8.7,25.0,2.0,2.3,15.6,14.5,1.1,9219512.0,166434327.0,96.34,5.54
2023-2024,Jalen Duren,20,DET,1777,0.653,22.2,12.7,0.9,2.3,16.7,18.5,-0.1,4330680.0,139233014.0,74.39,3.11
2023-2024,Bradley Beal,30,PHO,1767,0.607,7.4,22.5,1.4,1.3,14.2,22.7,0.4,46741590.0,193838882.0,64.63,24.11
2023-2024,Scoot Henderson,19,POR,1765,0.489,6.2,29.9,1.3,0.7,19.3,26.5,-5.8,9770880.0,165263993.0,75.61,5.91
2023-2024,Nick Richards,26,CHO,1759,0.717,17.2,4.5,0.7,3.9,13.8,13.3,-2.3,5000000.0,140774484.0,81.71,3.55
2023-2024,Kelly Olynyk,32,UTA,1019,0.677,13.7,29.6,1.8,1.1,21.3,15.6,2.6,12195122.0,133738448.0,60.98,9.12
2023-2024,Kelly Olynyk,32,TOR,740,0.644,11.7,24.8,2.4,2.1,20.4,20.0,0.7,12195122.0,163054678.0,34.15,7.48
2023-2024,Caleb Martin,28,MIA,1756,0.531,9.1,11.8,1.3,1.6,11.3,17.3,-2.0,6802950.0,177143542.0,78.05,3.84
2023-2024,Sam Hauser,26,BOS,1741,0.629,8.6,6.2,1.1,1.3,5.3,15.0,1.2,1927896.0,186940921.0,96.34,1.03
2023-2024,Al Horford,37,BOS,1740,0.65,12.8,12.3,1.1,3.1,10.0,12.0,3.6,10000000.0,186940921.0,79.27,5.35
2023-2024,Toumani Camara,23,POR,1739,0.547,11.0,7.2,1.9,1.7,14.9,13.8,-3.1,1119563.0,165263993.0,85.37,0.68
2023-2024,Obi Toppin,25,IND,1730,0.677,10.5,9.4,1.3,2.0,10.0,16.8,1.5,6803012.0,148722330.0,100.0,4.57
2023-2024,Bilal Coulibaly,19,WAS,1715,0.543,8.0,8.2,1.6,2.3,15.1,14.2,-4.2,6614280.0,150856313.0,76.83,4.38
2023-2024,OG Anunoby,26,TOR,900,0.598,6.5,11.4,1.5,1.3,11.2,18.2,-1.6,18642857.0,163054678.0,32.93,11.43
2023-2024,OG Anunoby,26,NYK,802,0.591,7.1,6.2,2.5,2.7,12.1,16.8,0.6,18642857.0,164990518.0,28.05,11.3
2023-2024,Jabari Walker,21,POR,1700,0.546,16.7,6.2,1.2,1.2,10.2,16.3,-3.3,1719864.0,165263993.0,87.8,1.04
2023-2024,Andrew Nembhard,24,IND,1697,0.573,4.7,20.0,1.8,0.3,15.6,16.0,-2.2,2131905.0,148722330.0,82.93,1.43
2023-2024,Cason Wallace,20,OKC,1692,0.612,6.2,8.9,2.2,2.0,8.9,12.9,0.1,5291000.0,162515272.0,100.0,3.26
2023-2024,Trey Murphy III,23,NOP,1690,0.612,9.2,10.2,1.5,1.6,4.7,18.6,2.5,3359280.0,167403924.0,69.51,2.01
2023-2024,Kristaps Porzingis,28,BOS,1690,0.647,13.1,10.0,1.2,5.8,9.1,25.1,5.1,36016200.0,186940921.0,69.51,19.27
2023-2024,Kyle Lowry,37,MIA,1037,0.582,7.0,19.5,1.9,1.4,16.9,13.5,-0.8,2795839.0,177143542.0,45.12,1.58
2023-2024,Kyle Lowry,37,PHI,653,0.615,5.5,21.1,1.5,0.8,17.6,12.0,-1.3,2795839.0,166271894.0,28.05,1.68
2023-2024,Jordan Clarkson,31,UTA,1682,0.521,6.2,24.6,1.0,0.3,13.9,26.1,-4.5,23487629.0,133738448.0,67.07,17.56
2023-2024,De'Andre Hunter,26,ATL,1681,0.595,7.2,7.3,1.1,0.9,10.0,20.6,-2.4,20089286.0,159153393.0,69.51,12.62
2023-2024,Pat Connaughton,31,MIL,1676,0.574,7.8,12.0,1.1,1.0,11.6,10.9,-1.6,9423869.0,187346674.0,92.68,5.03
2023-2024,Christian Braun,22,DEN,1655,0.554,10.2,10.2,1.3,1.8,9.2,15.7,-1.9,2949120.0,180922992.0,100.0,1.63
2023-2024,Simone Fontecchio,28,UTA,1160,0.592,8.4,8.6,1.2,1.4,12.0,15.4,-1.6,3044872.0,133738448.0,60.98,2.28
2023-2024,Ochai Agbaji,23,UTA,1003,0.531,6.9,6.1,1.3,2.6,11.7,12.2,-3.0,4114200.0,133738448.0,62.2,3.08
2023-2024,Ochai Agbaji,23,TOR,638,0.453,7.8,7.4,1.5,2.1,13.1,15.4,-6.5,4114200.0,163054678.0,32.93,2.52
2023-2024,Julius Randle,29,NYK,1630,0.569,14.6,22.8,0.8,0.7,14.1,29.9,1.9,28226880.0,164990518.0,56.1,17.11
2023-2024,Precious Achiuwa,24,NYK,1187,0.564,16.6,6.2,1.3,4.4,14.1,14.0,-1.4,4379527.0,164990518.0,59.76,2.65
2023-2024,Santi Aldama,23,MEM,1618,0.539,11.9,13.3,1.3,3.1,10.2,17.9,-0.2,2194200.0,162649524.0,74.39,1.35
2023-2024,Cameron Johnson,27,BRK,1599,0.582,8.6,12.9,1.5,0.8,7.9,19.6,0.4,25679348.0,155015136.0,70.73,16.57
2023-2024,Malaki Branham,20,SAS,1594,0.526,5.0,14.0,0.8,0.4,12.2,19.8,-5.6,3071880.0,142867770.0,91.46,2.15
2023-2024,Paul Reed,24,PHI,1590,0.58,16.9,9.8,2.1,4.8,11.5,15.9,0.4,7723000.0,166271894.0,100.0,4.64
2023-2024,Ausar Thompson,21,DET,1583,0.522,14.2,10.8,2.1,3.2,13.6,16.6,-2.2,7977480.0,139233014.0,76.83,5.73
2023-2024,Anfernee Simons,24,POR,1582,0.568,5.9,27.6,0.7,0.3,12.1,28.0,0.2,24107143.0,165263993.0,56.1,14.59
2023-2024,Kevin Huerter,25,SAC,1562,0.564,8.0,14.4,1.4,1.3,8.4,17.3,-0.8,15669643.0,153564021.0,78.05,10.2
2023-2024,Bennedict Mathurin,21,IND,1538,0.562,8.6,9.8,1.1,0.7,11.3,23.4,-3.4,6916080.0,148722330.0,71.95,4.65
2023-2024,Evan Mobley,22,CLE,1532,0.626,17.2,15.9,1.5,4.2,12.5,20.6,2.9,8882760.0,166874287.0,60.98,5.32
2023-2024,Chris Paul,38,GSW,1531,0.544,7.9,33.4,2.2,0.4,13.4,15.6,1.0,30800000.0,209354737.0,70.73,14.71
2023-2024,Russell Westbrook,35,LAC,1529,0.514,12.7,29.2,2.4,1.4,16.4,25.2,0.5,3835738.0,201366679.0,82.93,1.9
2023-2024,Nicolas Batum,35,PHI,1475,0.606,9.0,10.6,1.5,2.1,13.2,8.7,-0.5,11710818.0,166271894.0,69.51,7.04
2023-2024,Zach Collins,26,SAS,1526,0.565,13.1,18.9,1.1,2.8,16.1,22.7,-2.0,7700000.0,142867770.0,84.15,5.39
2023-2024,Josh Green,23,DAL,1505,0.588,6.7,11.1,1.5,0.5,13.1,13.1,-2.7,4765339.0,167755884.0,69.51,2.84
2023-2024,Walker Kessler,22,UTA,1493,0.663,17.7,5.6,1.0,9.2,14.4,12.8,0.9,2831160.0,133738448.0,78.05,2.12
2023-2024,Draymond Green,33,GSW,1490,0.587,14.4,28.6,1.8,2.9,25.0,15.3,2.4,22321429.0,209354737.0,67.07,10.66
2023-2024,Peyton Watson,21,DEN,1488,0.539,9.6,7.4,1.4,5.0,10.5,16.2,-2.2,2303520.0,180922992.0,97.56,1.27
2023-2024,Matisse Thybulle,26,POR,1487,0.537,5.1,8.3,3.8,3.0,10.8,10.6,0.6,10500000.0,165263993.0,79.27,6.35
2023-2024,Khris Middleton,32,MIL,1487,0.595,9.5,28.9,1.6,0.9,15.4,23.9,1.1,29320988.0,187346674.0,67.07,15.65
2023-2024,Bojan Bogdanovic,34,DET,921,0.6,5.7,12.2,1.2,0.4,11.8,24.7,-2.1,20000000.0,139233014.0,34.15,14.36
2023-2024,Bojan Bogdanovic,34,NYK,557,0.549,5.8,7.1,0.6,0.2,12.1,24.3,-4.9,20000000.0,164990518.0,35.37,12.12
2023-2024,Julian Champagnie,22,SAS,1468,0.57,7.6,9.3,1.6,2.4,11.4,14.4,-1.9,3000000.0,142867770.0,90.24,2.1
2023-2024,Patrick Beverley,35,PHI,919,0.547,8.7,21.0,1.3,1.8,15.4,14.9,-1.5,2019706.0,166271894.0,57.32,1.21
2023-2024,Patrick Beverley,35,MIL,543,0.524,9.5,15.8,1.7,2.0,9.6,13.2,-0.4,2019706.0,187346674.0,31.71,1.08
2023-2024,Amir Coffey,26,LAC,1460,0.604,5.7,6.8,1.4,0.9,7.9,12.5,-2.2,3666667.0,201366679.0,85.37,1.82
2023-2024,Isaiah Joe,24,OKC,1445,0.626,6.9,8.9,1.5,1.4,8.5,16.6,0.9,1997238.0,162515272.0,95.12,1.23
2023-2024,Desmond Bane,25,MEM,1443,0.589,7.0,29.2,1.5,1.4,11.7,28.5,2.8,3845083.0,162649524.0,51.22,2.36
2023-2024,Vince Williams Jr.,23,MEM,1436,0.597,11.0,18.0,1.6,2.2,17.4,15.8,-0.7,2232308.0,162649524.0,63.41,1.37
2023-2024,Isaiah Stewart,22,DET,1423,0.6,11.9,7.1,0.6,2.3,13.6,14.5,-2.3,5266713.0,139233014.0,56.1,3.78
2023-2024,Moritz Wagner,26,ORL,1415,0.676,14.4,11.2,1.4,1.4,13.1,22.8,2.0,8000000.0,132643598.0,97.56,6.03
2023-2024,Tyler Herro,24,MIA,1407,0.558,8.9,22.4,1.1,0.2,10.6,27.8,0.8,27000000.0,177143542.0,51.22,15.24
2023-2024,Wendell Carter Jr.,24,ORL,1406,0.623,15.9,9.9,1.2,1.9,12.3,17.2,0.9,13050000.0,132643598.0,67.07,9.84
2023-2024,Onyeka Okongwu,23,ATL,1405,0.674,14.6,7.2,0.9,3.8,9.8,13.7,-0.4,8109063.0,159153393.0,67.07,5.1
2023-2024,Amen Thompson,21,HOU,1388,0.576,15.8,17.0,2.7,2.5,14.9,18.5,1.8,8809320.0,149356730.0,75.61,5.9
2023-2024,Haywood Highsmith,27,MIA,1366,0.587,8.7,7.2,1.9,2.1,9.0,12.4,-0.7,1902137.0,177143542.0,80.49,1.07
2023-2024,Dyson Daniels,20,NOP,1358,0.529,9.7,15.4,3.1,1.8,15.0,12.6,0.6,5784120.0,167403924.0,74.39,3.46
2023-2024,Andre Drummond,30,CHI,1351,0.576,29.3,4.1,2.7,3.6,12.3,21.3,0.1,3360000.0,165630436.0,96.34,2.03
2023-2024,Marcus Sasser,23,DET,1351,0.542,5.2,25.4,1.6,0.8,14.3,19.9,-2.6,2623680.0,139233014.0,86.59,1.88
2023-2024,Kris Murray,23,POR,1348,0.481,9.3,8.4,1.9,1.4,12.3,14.1,-3.6,2847480.0,165263993.0,75.61,1.72
2023-2024,Miles McBride,23,NYK,1328,0.59,4.2,12.2,1.9,0.5,5.9,16.4,-0.1,1836096.0,164990518.0,82.93,1.11
2023-2024,Jakob Poeltl,28,TOR,1319,0.653,17.9,14.0,1.3,5.1,15.3,16.2,0.7,19500000.0,163054678.0,60.98,11.96
2023-2024,Joel Embiid,29,PHI,1309,0.644,18.1,32.4,1.7,4.6,12.5,39.6,11.6,46900000.0,166271894.0,47.56,28.21
2023-2024,Jeff Green,37,HOU,1307,0.59,7.3,7.3,0.6,2.2,9.6,15.5,-2.1,9600000.0,149356730.0,95.12,6.43
2023-2024,Cameron Payne,29,MIL,702,0.603,4.8,20.7,1.5,0.4,11.4,16.7,-1.5,6500000.0,187346674.0,57.32,3.47
2023-2024,Cameron Payne,29,PHI,602,0.533,5.0,23.4,1.6,1.2,11.5,21.8,-0.7,6500000.0,166271894.0,37.8,3.91
2023-2024,Gary Harris,29,ORL,1297,0.587,4.1,9.1,1.9,1.0,8.9,11.7,-1.2,13000000.0,132643598.0,65.85,9.8
2023-2024,Dereck Lively II,19,DAL,1294,0.728,16.0,6.4,1.3,5.2,13.1,12.6,0.5,4775640.0,167755884.0,67.07,2.85
2023-2024,T.J. McConnell,31,IND,1291,0.586,8.4,41.8,2.6,0.5,14.8,23.7,3.0,8700000.0,148722330.0,86.59,5.85
2023-2024,Aaron Holiday,27,HOU,1269,0.578,5.2,15.4,1.6,0.4,10.6,16.7,-1.5,2019706.0,149356730.0,95.12,1.35
2023-2024,Cedi Osman,28,SAS,1269,0.601,7.7,13.0,1.3,0.7,10.4,15.1,-2.1,6718842.0,142867770.0,87.8,4.7
2023-2024,Gradey Dick,20,TOR,1268,0.546,5.7,7.4,1.3,0.1,9.7,17.4,-5.4,4536720.0,163054678.0,73.17,2.78
2023-2024,Naji Marshall,26,NOP,1257,0.576,10.6,13.6,1.9,0.9,13.8,16.3,-0.7,1930681.0,167403924.0,80.49,1.15
2023-2024,Kris Dunn,29,UTA,1249,0.546,8.3,27.1,2.6,2.0,19.5,13.6,-0.1,2586665.0,133738448.0,80.49,1.93
2023-2024,Gordon Hayward,33,CHO,798,0.544,8.2,22.1,1.7,1.4,13.3,21.2,-1.8,31500000.0,140774484.0,30.49,22.38
2023-2024,GG Jackson II,19,MEM,1233,0.554,8.7,8.0,1.1,1.8,9.3,24.2,-2.0,1991428.0,162649524.0,58.54,1.22
2023-2024,Aaron Wiggins,25,OKC,1228,0.664,8.4,9.3,2.2,1.4,12.1,16.4,0.7,1836096.0,162515272.0,95.12,1.13
2023-2024,Larry Nance Jr.,31,NOP,1216,0.653,14.1,12.1,2.5,1.5,15.5,11.3,2.0,10375000.0,167403924.0,74.39,6.2
2023-2024,Duop Reath,27,POR,1214,0.571,11.5,8.9,1.3,2.8,8.8,20.7,-0.9,1951220.0,165263993.0,82.93,1.18
2023-2024,Alec Burks,32,DET,901,0.581,6.8,11.2,1.1,1.0,6.4,23.5,-0.4,10489600.0,139233014.0,52.44,7.53
2023-2024,Kevon Looney,27,GSW,1195,0.62,18.9,14.1,1.1,2.2,15.6,11.3,0.6,7500000.0,209354737.0,90.24,3.58
2023-2024,David Roddy,22,MEM,1114,0.485,9.8,10.4,1.1,0.9,11.5,18.1,-5.0,2718240.0,162649524.0,58.54,1.67
2023-2024,Vasilije Micic,30,CHO,815,0.532,4.4,33.5,1.3,0.5,18.7,20.3,-4.4,7723000.0,140774484.0,36.59,5.49
2023-2024,Patrick Williams,22,CHI,1174,0.553,7.9,7.7,1.7,2.9,12.8,16.6,-2.3,9835881.0,165630436.0,52.44,5.94
2023-2024,John Konchar,27,MEM,1173,0.537,12.0,13.0,2.1,4.1,17.4,9.7,-0.4,2400000.0,162649524.0,67.07,1.48
2023-2024,Drew Eubanks,26,PHO,1169,0.645,15.6,7.2,1.1,4.6,17.2,13.2,-1.2,2346614.0,193838882.0,91.46,1.21
2023-2024,Joe Ingles,36,ORL,1169,0.612,7.1,23.0,1.8,0.4,21.7,11.6,-0.5,11000000.0,132643598.0,82.93,8.29
2023-2024,Anthony Black,20,ORL,1164,0.56,7.0,10.6,1.5,1.7,16.6,12.7,-3.0,7245480.0,132643598.0,84.15,5.46
2023-2024,Jordan Hawkins,21,NOP,1160,0.533,7.1,8.2,0.8,0.6,7.5,19.9,-3.1,4310160.0,167403924.0,81.71,2.57
2023-2024,Trey Lyles,28,SAC,1158,0.596,12.4,8.1,0.7,1.5,9.7,14.4,-1.1,8000000.0,153564021.0,70.73,5.21
2023-2024,Moses Moody,21,GSW,1156,0.578,9.2,6.7,1.8,1.9,8.7,18.4,-0.1,3918480.0,209354737.0,80.49,1.87
2023-2024,Jae Crowder,33,MIL,1156,0.546,7.6,7.2,1.6,0.7,7.4,11.5,-2.6,2019760.0,187346674.0,60.98,1.08
2023-2024,Trayce Jackson-Davis,23,GSW,1130,0.692,16.3,10.4,1.2,6.1,11.2,16.4,2.8,1119563.0,209354737.0,82.93,0.53
2023-2024,Malcolm Brogdon,31,POR,1121,0.56,7.4,30.9,1.2,0.6,9.9,23.0,2.0,22500000.0,165263993.0,47.56,13.61
2023-2024,Dean Wade,27,CLE,1108,0.598,11.1,5.0,1.8,2.0,7.6,10.5,0.1,5709877.0,166874287.0,65.85,3.42
2023-2024,Josh Richardson,30,MIA,1103,0.573,6.2,13.9,1.1,1.2,8.9,16.5,-1.3,2891467.0,177143542.0,52.44,1.63
2023-2024,Davion Mitchell,25,SAC,1101,0.555,4.8,16.0,0.7,0.2,11.2,14.9,-3.4,5063760.0,153564021.0,87.8,3.3
2023-2024,Dario Saric,29,GSW,1098,0.6,13.9,17.8,1.4,0.8,15.4,19.5,1.0,2019706.0,209354737.0,78.05,0.96
2023-2024,James Wiseman,22,DET,1091,0.637,17.2,7.3,0.5,3.1,15.9,16.3,-3.5,12119400.0,139233014.0,76.83,8.7
2023-2024,Dante Exum,28,DAL,1088,0.645,7.5,19.3,1.0,0.4,12.9,15.0,-0.6,3000000.0,167755884.0,67.07,1.79
2023-2024,Sam Merrill,27,CLE,1069,0.598,6.3,14.1,0.9,0.3,4.5,17.5,0.5,1997238.0,166874287.0,74.39,1.2
2023-2024,Dennis Smith Jr.,26,BRK,1059,0.508,8.5,27.3,3.2,1.0,15.8,17.7,-0.8,2019706.0,155015136.0,68.29,1.3
2023-2024,Shaedon Sharpe,20,POR,1059,0.524,8.5,13.8,1.3,1.0,12.9,22.4,-2.8,6313800.0,165263993.0,39.02,3.82
2023-2024,Marvin Bagley III,24,WAS,575,0.622,18.0,7.3,1.2,2.7,10.5,20.9,0.3,12500000.0,150856313.0,29.27,8.29
2023-2024,Torrey Craig,33,CHI,1049,0.568,11.6,7.3,1.4,2.1,10.7,12.5,-2.0,2528233.0,165630436.0,64.63,1.53
2023-2024,Jalen Smith,23,IND,1047,0.682,18.2,8.0,0.8,2.9,9.1,19.4,2.4,5604192.0,148722330.0,74.39,3.77
2023-2024,Dalano Banton,24,POR,876,0.508,9.1,20.5,1.6,1.8,12.0,27.2,-0.8,2019706.0,165263993.0,36.59,1.22
2023-2024,Ziaire Williams,22,MEM,1038,0.511,9.5,11.1,1.7,0.8,13.8,19.7,-4.5,4810200.0,162649524.0,62.2,2.96
2023-2024,Jae'Sean Tate,28,HOU,1031,0.538,10.2,8.2,2.0,1.3,13.1,11.7,-2.3,6500000.0,149356730.0,79.27,4.35
2023-2024,Kenrich Williams,29,OKC,1029,0.568,11.3,11.4,1.8,0.8,10.1,13.4,-0.8,6175000.0,162515272.0,84.15,3.8
2023-2024,Jose Alvarado,25,NOP,1028,0.54,6.9,15.3,2.8,1.4,9.8,17.3,-0.1,1836096.0,167403924.0,68.29,1.1
2023-2024,Quentin Grimes,23,NYK,910,0.543,5.4,7.8,1.7,0.3,6.5,15.3,-1.5,2385720.0,164990518.0,54.88,1.45
2023-2024,De'Anthony Melton,25,PHI,1023,0.533,7.6,15.4,2.9,1.4,9.0,18.3,0.5,8000000.0,166271894.0,46.34,4.81
2023-2024,Daniel Theis,31,LAC,1007,0.601,13.7,8.3,1.0,4.6,11.9,15.4,-1.5,1741126.0,201366679.0,71.95,0.86
2023-2024,Lonnie Walker IV,25,BRK,1011,0.545,6.9,11.5,1.6,1.8,9.0,24.4,-1.4,2019706.0,155015136.0,70.73,1.3
2023-2024,Talen Horton-Tucker,23,UTA,1009,0.503,6.6,25.5,2.2,1.7,11.2,24.0,-1.2,11020000.0,133738448.0,62.2,8.24
2023-2024,Killian Hayes,22,DET,1008,0.474,6.6,27.8,1.7,1.7,14.3,15.1,-2.7,7413955.0,139233014.0,51.22,5.32
2023-2024,Jevon Carter,28,CHI,1004,0.485,3.3,12.9,1.8,1.6,8.9,17.7,-4.0,6190476.0,165630436.0,87.8,3.74
2023-2024,Luke Kennard,27,MEM,999,0.641,6.2,20.8,1.0,0.2,13.9,16.7,-0.3,15418363.0,162649524.0,47.56,9.48
2023-2024,Garrison Mathews,27,ATL,992,0.665,5.1,4.8,1.0,0.7,7.2,11.1,-3.0,2000000.0,159153393.0,80.49,1.26
2023-2024,Jaden Hardy,21,DAL,989,0.517,7.2,15.7,1.1,0.4,10.8,24.9,-4.1,1719864.0,167755884.0,89.02,1.03
2023-2024,Tre Mann,22,CHO,868,0.552,8.1,24.3,2.7,0.3,15.7,18.2,-1.5,3191280.0,140774484.0,34.15,2.27
2023-2024,Cam Reddish,24,LAL,984,0.504,5.6,6.0,2.3,1.2,10.7,12.7,-3.2,2165000.0,169876920.0,58.54,1.27
2023-2024,Luke Kornet,28,BOS,983,0.736,14.3,8.9,1.2,5.5,8.5,11.0,3.4,2413304.0,186940921.0,76.83,1.29
2023-2024,Keon Ellis,24,SAC,978,0.627,7.1,11.1,2.5,2.7,13.0,12.4,1.2,683430.0,153564021.0,69.51,0.45
2023-2024,Xavier Tillman Sr.,25,MEM,700,0.44,12.3,12.1,2.9,4.7,11.1,16.0,-1.7,1930681.0,162649524.0,41.46,1.19
2023-2024,Josh Okogie,25,PHO,960,0.552,9.1,8.4,2.4,2.2,12.5,13.0,-0.5,2815937.0,193838882.0,73.17,1.45
2023-2024,Goga Bitadze,24,ORL,957,0.629,17.5,11.7,1.7,7.0,15.1,13.3,2.1,2062585.0,132643598.0,75.61,1.55
2023-2024,Max Christie,20,LAL,944,0.544,8.4,8.0,1.0,1.6,11.8,13.6,-3.6,1719864.0,169876920.0,81.71,1.01
2023-2024,Kevin Love,35,MIA,924,0.597,20.7,19.0,1.0,1.1,10.6,21.9,3.6,3835738.0,177143542.0,67.07,2.17
2023-2024,Day'Ron Sharpe,22,BRK,921,0.596,23.1,14.0,1.3,4.3,16.7,19.7,0.0,2210040.0,155015136.0,74.39,1.43
2023-2024,Jonathan Isaac,26,ORL,914,0.61,16.7,4.8,2.3,7.1,7.7,16.7,3.8,17400000.0,132643598.0,70.73,13.12
2023-2024,Markelle Fultz,25,ORL,910,0.492,8.9,19.7,2.3,1.5,12.8,18.8,-1.4,17000000.0,132643598.0,52.44,12.82
2023-2024,Doug McDermott,32,SAS,700,0.62,3.7,11.1,0.7,0.2,9.7,14.9,-2.9,13750000.0,142867770.0,56.1,9.62
2023-2024,Jaylin Williams,21,OKC,897,0.561,14.5,15.0,1.5,2.8,12.1,13.5,1.1,2000000.0,162515272.0,84.15,1.23
2023-2024,Nikola Jovic,20,MIA,896,0.583,12.1,14.7,1.4,1.5,12.2,17.1,0.3,2352000.0,177143542.0,56.1,1.33
2023-2024,Bryce McGowens,21,CHO,882,0.565,6.5,8.1,1.2,1.1,10.1,14.9,-4.9,1719865.0,140774484.0,71.95,1.22
2023-2024,Cam Whitmore,19,HOU,880,0.561,11.0,6.0,1.7,1.8,8.2,27.1,0.1,3218160.0,149356730.0,57.32,2.15
2023-2024,Jaxson Hayes,23,LAL,877,0.718,13.4,5.0,1.8,2.9,16.9,12.5,-1.9,2165000.0,169876920.0,85.37,1.27
2023-2024,Blake Wesley,20,SAS,876,0.537,5.8,25.3,1.6,0.9,18.1,14.7,-4.0,2504640.0,142867770.0,74.39,1.75
2023-2024,Christian Wood,28,LAL,872,0.568,16.2,7.4,0.9,3.3,14.1,17.6,-2.8,2709849.0,169876920.0,60.98,1.6
2023-2024,Zach LaVine,28,CHI,872,0.578,8.3,16.8,1.2,0.9,11.0,23.8,0.1,40064220.0,165630436.0,30.49,24.19
2023-2024,Maxi Kleber,32,DAL,871,0.573,9.0,9.5,0.9,3.0,14.4,9.6,-1.3,11000000.0,167755884.0,52.44,6.56
2023-2024,Justin Holiday,34,DEN,862,0.598,4.6,9.5,2.1,0.9,6.7,10.6,-1.6,2019706.0,180922992.0,70.73,1.12
2023-2024,Trendon Watford,23,BRK,856,0.611,12.4,14.6,1.3,2.0,15.1,21.1,-0.5,2019706.0,155015136.0,76.83,1.3
2023-2024,Taylor Hendricks,20,UTA,856,0.578,11.9,5.0,1.6,3.1,9.7,13.7,-1.6,5569920.0,133738448.0,48.78,4.16
2023-2024,Dwight Powell,32,DAL,836,0.716,14.0,12.4,1.5,2.1,18.1,9.1,-0.3,4000000.0,167755884.0,76.83,2.38
2023-2024,Marcus Morris Sr.,34,PHI,637,0.559,9.4,5.7,1.0,1.6,7.9,16.3,-3.4,17116279.0,166271894.0,45.12,10.29
2023-2024,Caleb Houstan,21,ORL,815,0.582,6.1,4.8,0.9,0.5,6.9,12.5,-1.9,2000000.0,132643598.0,71.95,1.51
2023-2024,Ben Sheppard,22,IND,814,0.524,6.2,7.5,1.9,0.2,5.9,13.2,-3.4,2537160.0,148722330.0,69.51,1.71
2023-2024,Jake LaRavia,22,MEM,806,0.54,8.7,11.1,1.8,1.4,11.4,21.1,-2.5,3199920.0,162649524.0,42.68,1.97
2023-2024,Bismack Biyombo,31,MEM,718,0.56,14.5,10.1,0.7,4.4,21.4,10.6,-3.2,754488.0,162649524.0,36.59,0.46
2023-2024,JT Thor,21,CHO,781,0.519,10.5,5.1,0.7,3.2,7.3,11.7,-4.5,1836096.0,140774484.0,76.83,1.3
2023-2024,Isaiah Jackson,22,IND,771,0.689,17.5,8.3,2.1,6.3,12.3,17.2,1.7,2696280.0,148722330.0,71.95,1.81
2023-2024,Mitchell Robinson,25,NYK,768,0.554,19.2,3.1,2.4,4.3,13.8,10.2,0.0,15681818.0,164990518.0,37.8,9.5
2023-2024,Jock Landale,28,HOU,763,0.584,12.1,11.8,1.3,4.0,11.7,14.8,-0.1,8000000.0,149356730.0,68.29,5.36
2023-2024,Cody Martin,28,CHO,753,0.46,8.1,19.1,2.1,2.2,16.1,16.1,-3.5,7560000.0,140774484.0,34.15,5.37
2023-2024,KJ Martin,23,PHI,715,0.569,9.9,9.6,1.4,1.4,13.8,13.2,-4.0,1930681.0,166271894.0,70.73,1.16
2023-2024,KJ Martin,23,PHI,715,0.569,9.9,9.6,1.4,1.4,13.8,13.2,-4.0,1930681.0,166271894.0,70.73,1.16
2023-2024,Ish Smith,35,CHO,741,0.435,5.8,26.4,1.1,0.5,22.7,12.3,-6.8,2019706.0,140774484.0,52.44,1.43
2023-2024,Mo Bamba,25,PHI,740,0.575,17.8,7.6,1.5,7.4,15.1,15.1,-1.0,2019706.0,166271894.0,69.51,1.21
2023-2024,Nick Smith Jr.,19,CHO,729,0.511,5.5,12.0,0.7,0.9,11.7,20.3,-5.9,2463960.0,140774484.0,62.2,1.75
2023-2024,Landry Shamet,26,WAS,726,0.556,4.6,10.2,1.6,1.1,9.3,18.8,-4.0,10250000.0,150856313.0,56.1,6.79
2023-2024,Chris Duarte,26,SAC,719,0.512,8.3,7.8,1.9,1.0,10.4,14.9,-3.4,4124400.0,153564021.0,71.95,2.69
2023-2024,Jordan Nwora,25,TOR,529,0.573,12.1,12.2,1.8,2.0,14.8,22.3,-2.0,3000000.0,163054678.0,41.46,1.84
2023-2024,LaMelo Ball,22,CHO,711,0.561,8.9,43.1,2.8,0.5,15.0,34.3,3.3,10900635.0,140774484.0,26.83,7.74
2023-2024,Chris Boucher,31,TOR,705,0.625,16.1,4.5,1.0,3.0,9.8,17.3,-1.7,11750000.0,163054678.0,60.98,7.21
2023-2024,Bruno Fernando,25,ATL,682,0.615,15.4,9.3,1.8,3.7,16.1,16.7,-2.3,2581522.0,159153393.0,54.88,1.62
2023-2024,Dalen Terry,21,CHI,681,0.512,9.3,15.6,2.0,2.7,15.4,13.4,-2.3,3350760.0,165630436.0,71.95,2.02
2023-2024,Gary Payton II,31,GSW,680,0.621,9.0,9.4,2.8,2.4,12.3,13.6,0.9,8715000.0,209354737.0,53.66,4.16
2023-2024,Mason Plumlee,33,LAC,674,0.621,19.6,10.8,1.0,2.3,15.5,15.1,-0.8,5000000.0,201366679.0,56.1,2.48
2023-2024,Davis Bertans,31,CHO,583,0.57,4.9,6.5,1.9,1.4,7.3,17.7,-2.3,17000000.0,140774484.0,34.15,12.08
2023-2024,Keita Bates-Diop,28,PHO,597,0.525,9.6,7.4,1.8,3.0,7.3,13.0,-1.2,2364614.0,193838882.0,47.56,1.22
2023-2024,Jalen Wilson,23,BRK,664,0.537,10.8,9.3,0.8,0.5,8.7,14.3,-2.9,850000.0,155015136.0,52.44,0.55
2023-2024,Craig Porter Jr.,23,CLE,649,0.564,9.4,26.5,1.6,2.1,15.1,20.2,0.5,1500000.0,166874287.0,62.2,0.9
2023-2024,Rayan Rupert,19,POR,633,0.451,8.1,13.5,0.9,0.4,15.3,13.6,-6.7,1119563.0,165263993.0,47.56,0.68
2023-2024,Oshae Brissett,25,BOS,630,0.53,13.7,8.7,1.5,1.1,9.5,14.5,-1.8,2165000.0,186940921.0,67.07,1.16
2023-2024,Jordan McLaughlin,27,MIN,626,0.638,6.5,23.7,2.8,1.0,11.1,12.1,4.2,2320000.0,166434327.0,68.29,1.39
2023-2024,A.J. Green,24,MIL,614,0.617,5.7,6.4,0.7,0.6,5.5,15.2,-2.1,1801769.0,187346674.0,68.29,0.96
2023-2024,Johnny Davis,21,WAS,613,0.462,6.3,6.6,1.4,1.3,7.3,12.2,-6.6,5050800.0,150856313.0,60.98,3.35
2023-2024,MarJon Beauchamp,23,MIL,608,0.592,8.9,6.7,1.0,1.0,13.2,14.6,-3.2,2609400.0,187346674.0,58.54,1.39
2023-2024,Marcus Smart,29,MEM,605,0.552,4.8,22.7,3.3,0.8,19.2,22.9,-2.4,18833712.0,162649524.0,24.39,11.58
2023-2024,Jericho Sims,25,NYK,585,0.702,14.1,5.4,0.7,3.0,19.6,6.0,-1.8,1927896.0,164990518.0,54.88,1.17
2023-2024,Brice Sensabaugh,20,UTA,584,0.511,9.6,13.0,1.1,0.9,16.6,20.3,-5.5,2448600.0,133738448.0,39.02,1.83
2023-2024,Jarred Vanderbilt,24,LAL,581,0.578,13.2,7.7,2.9,0.7,17.7,11.7,-1.6,4698000.0,169876920.0,35.37,2.77
2023-2024,Evan Fournier,31,DET,541,0.482,5.6,11.7,2.2,1.1,8.5,18.6,-3.8,18857143.0,139233014.0,35.37,13.54
2023-2024,Zeke Nnaji,23,DEN,576,0.528,12.1,7.0,1.3,5.6,13.3,15.4,-3.7,4306281.0,180922992.0,70.73,2.38
2023-2024,Andre Jackson Jr.,22,MIL,572,0.596,10.8,10.8,1.3,0.9,21.1,10.0,-3.6,1119563.0,187346674.0,69.51,0.6
2023-2024,Kevin Knox II,24,DET,560,0.57,7.5,5.9,1.1,1.1,10.1,16.6,-4.6,1845593.0,139233014.0,37.8,1.33
2023-2024,Tristan Thompson,32,CLE,549,0.563,17.8,12.7,1.1,2.3,16.9,13.8,-1.4,2019796.0,166874287.0,59.76,1.21
2023-2024,Julian Strawther,21,DEN,545,0.482,6.2,11.3,1.5,1.1,8.9,20.7,-6.0,2431080.0,180922992.0,60.98,1.34
2023-2024,Omer Yurtseven,25,UTA,545,0.565,21.0,7.7,0.7,2.9,15.9,17.9,-3.0,2800000.0,133738448.0,58.54,2.09
2023-2024,Bones Hyland,23,LAC,540,0.49,5.7,24.5,2.4,0.7,14.4,24.8,-3.6,2306400.0,201366679.0,45.12,1.15
2023-2024,Jalen McDaniels,26,TOR,538,0.412,8.1,9.1,1.7,1.0,12.8,18.7,-9.0,4516000.0,163054678.0,60.98,2.77
2023-2024,Sasha Vezenkov,28,SAC,511,0.569,10.5,5.1,1.9,1.3,5.7,17.5,-0.9,6341464.0,153564021.0,51.22,4.13
2023-2024,Danuel House Jr.,30,PHI,509,0.575,6.3,7.2,1.5,0.9,13.2,12.2,-4.0,4310250.0,166271894.0,41.46,2.59
2023-2024,Mark Williams,22,CHO,508,0.675,20.4,6.8,1.6,3.7,8.7,17.1,0.8,3908160.0,140774484.0,23.17,2.78
2022-2023,Mikal Bridges,26,PHO,2040,0.574,6.6,14.1,1.6,2.0,8.5,19.2,1.0,20100000.0,176042453.0,68.29,11.42
2022-2023,Mikal Bridges,26,BRK,923,0.607,7.4,12.9,1.4,1.5,7.8,30.3,3.3,20100000.0,159566723.0,32.93,12.6
2022-2023,Anthony Edwards,21,MIN,2842,0.564,9.0,19.3,2.1,1.8,13.0,29.9,1.0,10733400.0,145793656.0,96.34,7.36
2022-2023,Zach LaVine,27,CHI,2768,0.607,7.1,18.7,1.2,0.6,11.0,28.3,1.9,37096500.0,151964990.0,93.9,24.41
2022-2023,Nikola Vucevic,32,CHI,2746,0.594,18.6,14.6,1.1,2.0,10.2,21.9,2.7,22000000.0,151964990.0,100.0,14.48
2022-2023,Julius Randle,28,NYK,2737,0.581,15.4,18.5,0.9,0.7,11.5,29.5,3.7,23760000.0,148987936.0,93.9,15.95
2022-2023,Domantas Sabonis,26,SAC,2736,0.668,20.3,30.4,1.1,1.2,16.9,21.3,5.8,21100000.0,139423615.0,96.34,15.13
2022-2023,Jayson Tatum,24,BOS,2732,0.607,13.0,20.9,1.4,1.6,10.4,32.7,5.5,30351780.0,178633307.0,90.24,16.99
2022-2023,Spencer Dinwiddie,29,DAL,1808,0.599,5.2,23.8,1.1,0.8,10.3,21.9,0.9,19500000.0,177244238.0,64.63,11.0
2022-2023,Spencer Dinwiddie,29,BRK,917,0.523,6.6,36.5,1.5,0.7,11.8,22.5,0.2,19500000.0,159566723.0,31.71,12.22
2022-2023,Evan Mobley,21,CLE,2715,0.591,15.4,12.4,1.1,4.0,11.9,20.2,1.7,8478720.0,151966241.0,96.34,5.58
2022-2023,Dejounte Murray,26,ATL,2693,0.54,7.9,24.0,2.0,0.6,10.2,24.4,1.0,17071120.0,149836313.0,90.24,11.39
2022-2023,DeMar DeRozan,33,CHI,2682,0.592,7.2,22.3,1.5,1.3,9.1,27.8,2.0,27300000.0,151964990.0,90.24,17.96
2022-2023,Scottie Barnes,21,TOR,2678,0.524,10.8,20.0,1.5,2.2,12.0,20.3,0.4,7644600.0,150992313.0,93.9,5.06
2022-2023,Harrison Barnes,30,SAC,2662,0.632,7.9,6.3,1.0,0.3,8.1,17.1,-1.0,18352273.0,139423615.0,100.0,13.16
2022-2023,Pascal Siakam,28,TOR,2652,0.565,11.9,24.9,1.2,1.3,10.0,27.2,3.1,35448672.0,150992313.0,86.59,23.48
2022-2023,CJ McCollum,31,NOP,2649,0.541,7.0,25.1,1.3,1.4,11.2,26.4,0.8,33333333.0,148360910.0,91.46,22.47
2022-2023,Franz Wagner,21,ORL,2609,0.589,7.1,17.2,1.4,0.6,11.7,23.5,-0.1,5258280.0,126107324.0,97.56,4.17
2022-2023,Jalen Green,20,HOU,2602,0.538,6.0,17.3,1.1,0.7,11.3,28.1,-2.1,9441840.0,137579793.0,92.68,6.86
2022-2023,Bam Adebayo,25,MIA,2598,0.592,15.5,15.9,1.7,2.4,12.7,25.2,1.5,30351780.0,151408266.0,91.46,20.05
2022-2023,Trae Young,24,ATL,2541,0.573,4.7,42.5,1.5,0.3,15.2,32.6,3.3,37096500.0,149836313.0,89.02,24.76
2022-2023,Fred VanVleet,28,TOR,2535,0.54,6.3,28.1,2.4,1.5,10.2,23.2,2.5,21250000.0,150992313.0,84.15,14.07
2022-2023,Buddy Hield,30,IND,2482,0.614,8.9,13.3,1.8,0.9,11.3,20.8,1.9,21177750.0,125706114.0,97.56,16.85
2022-2023,RJ Barrett,22,NYK,2475,0.531,8.2,12.4,0.6,0.6,10.8,26.2,-3.1,10900634.0,148987936.0,89.02,7.32
2022-2023,Jordan Poole,23,GSW,2458,0.573,5.0,22.5,1.2,0.8,14.7,29.2,-1.9,3901399.0,192386134.0,100.0,2.03
2022-2023,Josh Hart,27,POR,1704,0.586,14.1,16.0,1.5,0.5,16.0,12.6,-0.2,12960000.0,144997250.0,62.2,8.94
2022-2023,Josh Hart,27,NYK,750,0.703,12.9,16.2,2.2,1.5,17.3,12.6,3.4,12960000.0,148987936.0,30.49,8.7
2022-2023,Jabari Smith Jr.,19,HOU,2451,0.514,12.7,5.9,0.9,3.0,9.6,18.4,-3.7,8882640.0,137579793.0,96.34,6.46
2022-2023,Trey Murphy III,22,NOP,2448,0.65,6.5,6.4,1.8,1.7,6.5,16.6,1.8,3206520.0,148360910.0,96.34,2.16
2022-2023,Darius Garland,23,CLE,2447,0.587,4.5,34.1,1.7,0.3,13.5,26.9,2.4,8920794.0,151966241.0,84.15,5.87
2022-2023,Tobias Harris,30,PHI,2436,0.602,10.3,11.4,1.4,1.5,9.0,18.2,0.7,37633050.0,150496913.0,90.24,25.01
2022-2023,De'Aaron Fox,25,SAC,2435,0.599,7.2,29.6,1.6,0.8,10.6,30.1,2.5,30351780.0,139423615.0,89.02,21.77
2022-2023,Donovan Mitchell,26,CLE,2432,0.614,7.0,21.4,2.0,1.0,10.3,32.1,6.3,30913750.0,151966241.0,82.93,20.34
2022-2023,Paolo Banchero,20,ORL,2430,0.529,11.6,17.2,1.2,1.5,12.8,27.5,-1.5,11055120.0,126107324.0,87.8,8.77
2022-2023,Jaden McDaniels,22,MIN,2416,0.611,7.1,8.4,1.5,2.7,12.6,15.8,-1.2,2161440.0,145793656.0,96.34,1.48
2022-2023,Shai Gilgeous-Alexander,24,OKC,2416,0.626,7.3,25.7,2.2,2.5,10.1,32.8,7.3,30913750.0,148856338.0,82.93,20.77
2022-2023,Royce O'Neale,29,BRK,2409,0.538,9.0,15.3,1.3,1.7,15.5,13.6,-1.1,9200000.0,159566723.0,92.68,5.77
2022-2023,Jaylen Brown,26,BOS,2405,0.581,10.4,16.5,1.5,0.9,11.4,31.4,1.3,29776785.0,178633307.0,81.71,16.67
2022-2023,Luka Doncic,23,DAL,2391,0.609,13.8,42.3,1.9,1.2,11.9,37.6,8.9,37096500.0,177244238.0,80.49,20.93
2022-2023,OG Anunoby,25,TOR,2386,0.586,7.9,8.0,2.7,2.0,12.1,19.5,0.4,17357143.0,150992313.0,81.71,11.5
2022-2023,Keegan Murray,22,SAC,2382,0.597,8.9,5.5,1.2,1.5,6.8,15.8,-0.6,8008440.0,139423615.0,97.56,5.74
2022-2023,Kentavious Caldwell-Pope,29,DEN,2381,0.598,5.0,9.8,2.3,1.3,11.1,14.1,-1.0,14004703.0,162338665.0,92.68,8.63
2022-2023,P.J. Washington,24,CHO,2380,0.542,8.0,11.0,1.3,2.9,9.4,20.6,-1.3,5808435.0,125874047.0,89.02,4.61
2022-2023,Jalen Brunson,26,NYK,2379,0.597,5.6,28.7,1.3,0.6,9.4,27.2,3.9,27733332.0,148987936.0,82.93,18.61
2022-2023,Brook Lopez,34,MIL,2373,0.63,11.4,6.1,0.7,6.7,9.8,19.3,2.1,13906976.0,182930771.0,95.12,7.6
2022-2023,Josh Giddey,20,OKC,2367,0.533,13.6,29.9,1.1,1.2,15.1,24.6,1.2,6287400.0,148856338.0,92.68,4.22
2022-2023,Reggie Bullock,31,DAL,2364,0.577,7.0,6.2,1.1,0.5,6.9,10.0,-2.6,10012800.0,177244238.0,95.12,5.65
2022-2023,Immanuel Quickley,23,NYK,2344,0.578,7.9,17.4,1.7,0.6,8.7,20.9,1.7,2316240.0,148987936.0,98.78,1.55
2022-2023,Tyler Herro,23,MIA,2337,0.566,9.0,19.9,1.1,0.7,11.7,25.6,0.6,5722116.0,151408266.0,81.71,3.78
2022-2023,Patrick Williams,21,CHI,2323,0.576,8.0,5.8,1.5,2.9,12.3,15.7,-1.3,7775400.0,151964990.0,100.0,5.12
2022-2023,Nikola Jokic,27,DEN,2323,0.701,20.2,46.6,1.8,1.8,17.0,27.2,13.0,33047803.0,162338665.0,84.15,20.36
2022-2023,Derrick White,28,BOS,2319,0.604,6.9,19.4,1.1,2.8,10.1,17.7,2.4,17142857.0,178633307.0,100.0,9.6
2022-2023,Jaden Ivey,20,DET,2304,0.528,6.9,26.2,1.3,0.7,17.2,25.4,-3.3,7252200.0,129153570.0,90.24,5.62
2022-2023,D'Angelo Russell,26,MIN,1778,0.604,5.2,27.0,1.6,1.0,15.5,22.8,1.2,31377750.0,145793656.0,65.85,21.52
2022-2023,D'Angelo Russell,26,LAL,526,0.61,5.1,28.8,0.9,1.3,13.9,22.6,2.4,31377750.0,169391473.0,20.73,18.52
2022-2023,Draymond Green,32,GSW,2297,0.592,12.6,27.8,1.5,2.3,28.1,13.2,0.8,25806468.0,192386134.0,89.02,13.41
2022-2023,KJ Martin,22,HOU,2292,0.635,10.8,8.1,0.9,1.3,10.0,16.4,-0.7,1782621.0,137579793.0,100.0,1.3
2022-2023,Joel Embiid,28,PHI,2284,0.655,17.3,22.9,1.4,4.6,11.9,37.0,9.2,33616770.0,150496913.0,80.49,22.34
2022-2023,Bruce Brown,26,DEN,2280,0.571,8.3,15.7,1.9,2.0,13.2,17.8,-0.5,6479000.0,162338665.0,97.56,3.99
2022-2023,Klay Thompson,32,GSW,2279,0.576,6.9,11.0,1.0,1.1,8.6,26.4,-0.3,40600080.0,192386134.0,84.15,21.1
2022-2023,Jalen Williams,21,OKC,2276,0.601,7.9,15.4,2.1,1.4,12.3,18.4,0.3,4341480.0,148856338.0,91.46,2.92
2022-2023,Lauri Markkanen,25,UTA,2273,0.64,13.6,8.6,0.9,1.4,8.8,26.6,3.8,16475454.0,148738241.0,80.49,11.08
2022-2023,Max Strus,26,MIA,2272,0.557,6.7,11.2,0.9,0.5,7.8,17.6,-1.7,1815677.0,151408266.0,97.56,1.2
2022-2023,Luguentz Dort,23,OKC,2272,0.513,8.1,9.2,1.6,0.9,8.5,19.8,-3.0,15277778.0,148856338.0,90.24,10.26
2022-2023,Nic Claxton,23,BRK,2271,0.691,17.4,9.3,1.4,7.1,12.1,15.4,3.1,9350000.0,159566723.0,92.68,5.86
2022-2023,Jerami Grant,28,POR,2246,0.606,7.2,10.3,1.1,2.1,9.8,22.8,-0.2,20955000.0,144997250.0,76.83,14.45
2022-2023,Kyrie Irving,30,BRK,1478,0.604,7.8,24.1,1.4,1.9,9.2,29.7,3.8,38917057.0,159566723.0,48.78,24.39
2022-2023,Kyrie Irving,30,DAL,763,0.634,7.6,27.8,1.6,1.4,8.0,27.4,4.9,38917057.0,177244238.0,24.39,21.96
2022-2023,Kyle Kuzma,27,WAS,2239,0.544,11.5,16.5,0.8,1.1,13.2,27.9,-1.7,13000000.0,152008934.0,78.05,8.55
2022-2023,Caris LeVert,28,CLE,2237,0.546,7.4,18.0,1.6,1.0,12.4,18.7,-0.2,18796296.0,151966241.0,90.24,12.37
2022-2023,Bennedict Mathurin,20,IND,2222,0.566,7.9,7.6,1.0,0.5,11.7,24.6,-3.7,6586800.0,125706114.0,95.12,5.24
2022-2023,Terry Rozier,28,CHO,2221,0.517,6.2,22.7,1.6,0.6,9.4,26.9,-0.6,21486316.0,125874047.0,76.83,17.07
2022-2023,Jarrett Allen,24,CLE,2220,0.67,17.7,7.5,1.2,3.5,11.4,16.4,2.4,20000000.0,151966241.0,82.93,13.16
2022-2023,Dillon Brooks,27,MEM,2214,0.494,5.8,11.7,1.4,0.7,8.9,21.8,-3.9,11400000.0,127139520.0,89.02,8.97
2022-2023,Kevin Huerter,24,SAC,2203,0.617,6.5,14.1,1.7,1.0,9.5,19.9,1.0,14508929.0,139423615.0,91.46,10.41
2022-2023,Jrue Holiday,32,MIL,2183,0.586,8.1,34.4,1.7,0.9,15.2,25.0,3.1,34319520.0,182930771.0,81.71,18.76
2022-2023,Alperen Sengun,20,HOU,2171,0.599,17.1,21.0,1.6,3.2,17.3,21.4,1.4,3375360.0,137579793.0,91.46,2.45
2022-2023,Anfernee Simons,23,POR,2171,0.581,4.3,18.6,0.9,0.6,10.2,25.1,-1.1,22321429.0,144997250.0,75.61,15.39
2022-2023,Ivica Zubac,25,LAC,2170,0.661,19.5,5.1,0.7,4.0,15.9,14.8,-0.9,10123457.0,192905421.0,92.68,5.25
2022-2023,Killian Hayes,21,DET,2154,0.455,5.7,32.3,2.3,1.1,16.7,20.5,-3.8,5837760.0,129153570.0,92.68,4.52
2022-2023,Tim Hardaway Jr.,30,DAL,2152,0.554,6.8,9.0,1.1,0.5,6.1,20.6,-1.8,19602273.0,177244238.0,86.59,11.06
2022-2023,De'Anthony Melton,24,PHI,2150,0.566,8.6,12.9,2.9,1.8,12.9,16.4,0.9,8250000.0,150496913.0,93.9,5.48
2022-2023,Rudy Gobert,30,MIN,2148,0.675,21.2,5.6,1.2,3.9,14.9,16.3,0.7,38172414.0,145793656.0,85.37,26.18
2022-2023,Jimmy Butler,33,MIA,2138,0.647,10.3,27.1,2.7,1.0,8.2,25.6,8.7,37653300.0,151408266.0,78.05,24.87
2022-2023,James Harden,33,PHI,2135,0.607,9.8,43.3,1.6,1.4,16.3,25.0,5.4,33000000.0,150496913.0,70.73,21.93
2022-2023,Jamal Murray,25,DEN,2133,0.571,6.9,27.5,1.5,0.7,11.3,26.1,1.3,31650600.0,162338665.0,79.27,19.5
2022-2023,John Collins,25,ATL,2130,0.593,11.9,5.3,0.9,2.9,9.1,17.1,-1.3,23500000.0,149836313.0,86.59,15.68
2022-2023,Saddiq Bey,23,DET,1500,0.552,8.9,8.5,1.6,0.7,7.2,21.3,-0.7,2959080.0,129153570.0,63.41,2.29
2022-2023,Saddiq Bey,23,ATL,629,0.599,10.4,7.2,1.5,0.1,6.5,17.4,0.5,2959080.0,149836313.0,30.49,1.97
2022-2023,De'Andre Hunter,25,ATL,2126,0.563,7.3,6.0,0.8,0.7,8.2,19.7,-3.3,9835881.0,149836313.0,81.71,6.56
2022-2023,Russell Westbrook,34,LAL,1491,0.496,11.5,38.5,1.7,1.3,18.1,28.8,-0.1,47080179.0,169391473.0,63.41,27.79
2022-2023,Russell Westbrook,34,LAC,635,0.562,9.0,38.9,1.8,1.4,19.4,25.2,0.8,47080179.0,192905421.0,25.61,24.41
2022-2023,Quentin Grimes,22,NYK,2121,0.619,5.9,9.7,1.1,1.2,9.7,14.4,-0.1,2277000.0,148987936.0,86.59,1.53
2022-2023,Kristaps Porzingis,27,WAS,2120,0.627,14.3,12.9,1.3,4.0,10.2,27.4,4.3,33833400.0,152008934.0,79.27,22.26
2022-2023,Gary Trent Jr.,24,TOR,2118,0.56,4.6,7.4,2.4,0.6,5.1,21.7,0.2,17280000.0,150992313.0,80.49,11.44
2022-2023,Damian Lillard,32,POR,2107,0.645,7.6,35.0,1.2,0.8,11.7,33.8,7.1,42492492.0,144997250.0,70.73,29.31
2022-2023,Ayo Dosunmu,23,CHI,2098,0.567,5.9,13.2,1.4,1.2,14.0,14.9,-2.5,1563518.0,151964990.0,97.56,1.03
2022-2023,Corey Kispert,23,WAS,2093,0.657,5.5,5.7,0.7,0.4,8.1,14.1,-1.5,3552840.0,152008934.0,90.24,2.34
2022-2023,Malik Beasley,26,UTA,1472,0.535,7.2,9.0,1.4,0.5,8.0,21.2,-1.6,15558035.0,148738241.0,67.07,10.46
2022-2023,Malik Beasley,26,LAL,621,0.521,7.4,7.0,1.6,0.1,9.8,20.9,-2.9,15558035.0,169391473.0,31.71,9.18
2022-2023,Caleb Martin,27,MIA,2077,0.571,9.7,8.2,1.7,1.5,11.5,14.4,-1.2,6479000.0,151408266.0,86.59,4.28
2022-2023,Andrew Nembhard,23,IND,2073,0.528,5.3,22.4,1.6,0.5,15.8,16.1,-3.2,2244111.0,125706114.0,91.46,1.79
2022-2023,Keldon Johnson,23,SAS,2063,0.551,8.4,13.7,1.1,0.4,9.6,27.9,-1.8,3873024.0,104545376.0,76.83,3.7
2022-2023,Aaron Gordon,27,DEN,2055,0.617,12.5,14.2,1.3,2.2,9.8,21.1,2.1,19690909.0,162338665.0,82.93,12.13
2022-2023,Mason Plumlee,32,CHO,1597,0.673,18.1,18.7,1.0,1.9,14.6,15.7,2.4,9080417.0,125874047.0,68.29,7.21
2022-2023,Grant Williams,24,BOS,2045,0.605,9.7,8.4,1.0,1.3,13.4,13.1,-1.1,4306281.0,178633307.0,96.34,2.41
2022-2023,Deandre Ayton,24,PHO,2035,0.617,18.1,9.2,0.9,2.3,11.0,22.9,0.9,30913750.0,176042453.0,81.71,17.56
2022-2023,Mike Conley,35,UTA,1276,0.552,4.5,34.0,1.6,0.7,15.1,16.1,0.2,22680000.0,148738241.0,52.44,15.25
2022-2023,Mike Conley,35,MIN,753,0.631,5.6,21.5,1.8,0.5,9.8,16.8,2.0,22680000.0,145793656.0,29.27,15.56
2022-2023,Giannis Antetokounmpo,28,MIL,2024,0.605,19.1,33.2,1.2,2.1,13.2,38.8,8.5,42492492.0,182930771.0,76.83,23.23
2022-2023,Kevin Porter Jr.,22,HOU,2024,0.565,8.5,25.7,2.0,0.8,15.8,24.3,0.6,3217631.0,137579793.0,71.95,2.34
2022-2023,Deni Avdija,22,WAS,2020,0.535,13.4,13.9,1.6,1.2,15.9,16.7,-2.3,4916160.0,152008934.0,92.68,3.23
2022-2023,Tyrese Maxey,22,PHI,2016,0.605,5.2,16.9,1.2,0.4,7.4,24.1,0.6,2726880.0,150496913.0,73.17,1.81
2022-2023,Dorian Finney-Smith,29,DAL,1288,0.557,8.5,6.3,1.5,1.4,9.9,12.8,-1.1,12939848.0,177244238.0,48.78,7.3
2022-2023,Dorian Finney-Smith,29,BRK,721,0.466,10.0,7.4,1.2,1.9,11.5,13.9,-3.7,12939848.0,159566723.0,31.71,8.11
2022-2023,Jordan Clarkson,30,UTA,1988,0.558,6.7,20.9,0.8,0.6,14.0,27.8,-1.4,13340000.0,148738241.0,74.39,8.97
2022-2023,Dennis Schroder,29,LAL,1986,0.545,4.4,20.1,1.2,0.4,12.8,18.6,-2.9,2641682.0,169391473.0,80.49,1.56
2022-2023,Tre Jones,23,SAS,1984,0.534,6.7,31.5,2.1,0.4,11.8,19.3,-1.0,1782621.0,104545376.0,82.93,1.71
2022-2023,Grayson Allen,27,MIL,1972,0.612,6.3,10.9,1.5,0.6,10.5,14.6,0.1,8925000.0,182930771.0,87.8,4.88
2022-2023,Jonas Valanciunas,30,NOP,1968,0.61,23.1,11.1,0.5,2.5,14.8,23.4,-0.4,14700000.0,148360910.0,96.34,9.91
2022-2023,Eric Gordon,34,HOU,1418,0.572,3.8,13.8,1.0,1.2,13.4,18.1,-2.6,19568360.0,137579793.0,57.32,14.22
2022-2023,Eric Gordon,34,LAC,547,0.629,3.8,12.2,1.2,1.3,9.9,17.0,0.0,19568360.0,192905421.0,26.83,10.14
2022-2023,Kevon Looney,26,GSW,1958,0.639,21.4,13.8,1.3,2.2,9.1,10.6,2.1,8000000.0,192386134.0,100.0,4.16
2022-2023,Kyle Anderson,29,MIN,1957,0.583,10.5,22.6,1.9,2.8,15.7,14.4,2.5,8780488.0,145793656.0,84.15,6.02
2022-2023,Marcus Smart,28,BOS,1957,0.538,5.3,26.4,2.3,1.0,17.9,17.8,-1.0,17207142.0,178633307.0,74.39,9.63
2022-2023,LeBron James,38,LAL,1954,0.583,12.5,33.5,1.2,1.4,11.6,33.3,6.1,44474988.0,169391473.0,67.07,26.26
2022-2023,Herbert Jones,24,NOP,1951,0.567,7.8,11.1,2.6,2.1,13.3,14.5,-0.3,1785000.0,148360910.0,80.49,1.2
2022-2023,Torrey Craig,32,PHO,1948,0.566,12.1,7.9,1.3,2.9,12.3,13.0,-0.6,5121951.0,176042453.0,96.34,2.91
2022-2023,Ja Morant,23,MEM,1948,0.557,9.7,41.1,1.6,0.7,12.6,34.9,5.7,12119440.0,127139520.0,74.39,9.53
2022-2023,Kelly Olynyk,31,UTA,1942,0.643,11.7,17.6,1.5,1.6,20.3,17.8,0.4,12804878.0,148738241.0,82.93,8.61
2022-2023,Stephen Curry,34,GSW,1941,0.656,9.7,30.0,1.3,0.9,12.5,31.0,7.5,48070014.0,192386134.0,68.29,24.99
2022-2023,Tyus Jones,26,MEM,1940,0.546,5.5,28.8,2.0,0.3,8.9,17.7,1.6,15000000.0,127139520.0,97.56,11.8
2022-2023,Paul George,32,LAC,1939,0.588,9.9,24.2,2.1,0.9,13.4,29.5,2.8,42492492.0,192905421.0,68.29,22.03
2022-2023,Al Horford,36,BOS,1922,0.631,11.1,13.2,0.8,2.7,7.0,11.9,3.3,26500000.0,178633307.0,76.83,14.83
2022-2023,P.J. Tucker,37,PHI,1920,0.566,9.1,3.9,1.0,0.7,15.8,6.5,-3.0,10490000.0,150496913.0,91.46,6.97
2022-2023,Jalen McDaniels,25,CHO,1494,0.551,9.6,10.5,2.1,1.7,12.9,17.5,-2.0,1930681.0,125874047.0,68.29,1.53
2022-2023,Jakob Poeltl,27,SAS,1199,0.625,18.9,17.0,1.4,3.6,17.8,18.6,0.9,9398148.0,104545376.0,56.1,8.99
2022-2023,Jakob Poeltl,27,TOR,707,0.652,19.0,12.1,2.1,4.7,10.0,17.5,3.6,9398148.0,150992313.0,31.71,6.22
2022-2023,Anthony Davis,29,LAL,1904,0.627,19.7,13.0,1.5,5.1,9.5,28.4,6.3,37980720.0,169391473.0,68.29,22.42
2022-2023,Donte DiVincenzo,26,GSW,1894,0.593,9.4,17.3,2.4,0.5,16.4,15.1,0.7,4500000.0,192386134.0,87.8,2.34
2022-2023,Bojan Bogdanovic,33,DET,1893,0.627,6.5,13.6,0.9,0.4,11.7,25.9,0.8,19550000.0,129153570.0,71.95,15.14
2022-2023,Chris Paul,37,PHO,1889,0.555,7.4,38.7,2.4,1.0,13.4,19.2,3.2,28400000.0,176042453.0,71.95,16.13
2022-2023,Tyrese Haliburton,22,IND,1883,0.624,6.0,47.6,2.3,1.1,13.2,23.8,7.2,4215120.0,125706114.0,68.29,3.35
2022-2023,Jarred Vanderbilt,23,UTA,1254,0.607,17.6,15.3,2.0,1.0,16.0,14.1,1.5,4374000.0,148738241.0,63.41,2.94
2022-2023,Jarred Vanderbilt,23,LAL,625,0.598,14.8,8.8,2.3,0.8,15.7,12.5,0.2,4374000.0,169391473.0,31.71,2.58
2022-2023,Terance Mann,26,LAC,1872,0.619,8.3,14.0,1.1,1.0,12.2,15.3,-0.2,1930681.0,192905421.0,98.78,1.0
2022-2023,Troy Brown Jr.,23,LAL,1860,0.561,8.9,6.6,1.5,0.7,9.2,12.1,-1.0,1968175.0,169391473.0,92.68,1.16
2022-2023,Onyeka Okongwu,22,ATL,1849,0.678,17.0,5.8,1.4,4.9,12.2,15.1,0.8,6395160.0,149836313.0,97.56,4.27
2022-2023,Austin Reaves,24,LAL,1843,0.687,5.6,15.7,0.8,0.9,14.0,16.2,0.7,1563518.0,169391473.0,78.05,0.92
2022-2023,Desmond Bane,24,MEM,1841,0.606,8.4,20.8,1.4,1.1,10.9,26.1,3.5,2130240.0,127139520.0,70.73,1.68
2022-2023,Devin Booker,26,PHO,1835,0.601,7.2,27.3,1.4,0.9,10.6,31.8,4.2,33833400.0,176042453.0,64.63,19.22
2022-2023,Marcus Morris,33,LAC,1825,0.534,7.9,8.9,1.1,1.0,7.6,17.6,-1.9,16372093.0,192905421.0,79.27,8.49
2022-2023,Myles Turner,26,IND,1825,0.651,14.2,7.5,0.9,6.6,10.8,22.0,2.1,35096500.0,125706114.0,75.61,27.92
2022-2023,Bobby Portis,27,MIL,1818,0.575,19.3,8.7,0.8,0.7,8.6,21.7,0.7,10843350.0,182930771.0,85.37,5.93
2022-2023,Aaron Nesmith,23,IND,1816,0.566,8.5,7.4,1.4,1.6,10.3,16.8,-3.0,3804360.0,125706114.0,89.02,3.03
2022-2023,Patrick Beverley,34,LAL,1211,0.548,6.2,12.1,1.6,1.7,13.8,10.6,-1.8,13801614.0,169391473.0,54.88,8.15
2022-2023,Patrick Beverley,34,CHI,605,0.506,10.0,15.7,1.9,2.6,12.5,10.5,-0.2,13801614.0,151964990.0,26.83,9.08
2022-2023,Jevon Carter,27,MIL,1810,0.56,5.8,14.5,1.7,1.3,11.8,15.3,-0.6,6025000.0,182930771.0,98.78,3.29
2022-2023,Michael Porter Jr.,24,DEN,1798,0.621,10.9,5.3,1.0,1.4,7.3,22.7,0.2,30913750.0,162338665.0,75.61,19.04
2022-2023,Naji Marshall,25,NOP,1792,0.539,8.8,14.4,1.5,0.7,13.0,17.8,-1.9,1782621.0,148360910.0,93.9,1.2
2022-2023,Jaren Jackson Jr.,23,MEM,1787,0.613,12.6,5.0,1.7,9.6,10.1,24.7,2.8,28946605.0,127139520.0,76.83,22.77
2022-2023,Shaedon Sharpe,19,POR,1779,0.568,7.6,7.9,1.0,1.2,10.7,19.0,-3.3,6012960.0,144997250.0,97.56,4.15
2022-2023,Markelle Fultz,24,ORL,1778,0.564,7.4,29.8,2.4,1.4,15.8,21.3,0.5,16500000.0,126107324.0,73.17,13.08
2022-2023,Tari Eason,21,HOU,1767,0.525,15.4,7.4,2.6,2.6,12.2,19.3,-1.7,3359160.0,137579793.0,100.0,2.44
2022-2023,Gabe Vincent,26,MIA,1759,0.533,4.8,13.9,1.8,0.3,13.3,17.5,-3.4,1815677.0,151408266.0,82.93,1.2
2022-2023,Kawhi Leonard,31,LAC,1748,0.623,10.8,19.6,2.0,1.4,8.1,27.0,6.1,42492492.0,192905421.0,63.41,22.03
2022-2023,Malcolm Brogdon,30,BOS,1744,0.615,8.8,21.5,1.3,0.9,10.8,22.8,2.8,22600000.0,178633307.0,81.71,12.65
2022-2023,Christian Wood,27,DAL,1738,0.624,16.4,11.7,0.9,3.7,11.9,26.4,1.7,14317459.0,177244238.0,81.71,8.08
2022-2023,Coby White,22,CHI,1730,0.572,6.9,16.3,1.5,0.3,10.6,17.9,-0.8,7413955.0,151964990.0,90.24,4.88
2022-2023,Clint Capela,28,ATL,1730,0.656,22.7,4.7,1.2,3.9,8.3,15.7,2.2,18206896.0,149836313.0,79.27,12.15
2022-2023,Malik Monk,24,SAC,1719,0.587,6.7,25.0,1.4,1.0,14.1,25.8,0.3,9472219.0,139423615.0,93.9,6.79
2022-2023,Kyle Lowry,36,MIA,1718,0.565,7.7,23.4,1.7,1.2,15.9,16.7,0.2,28333334.0,151408266.0,67.07,18.71
2022-2023,Nicolas Batum,34,LAC,1709,0.594,9.8,9.4,1.5,2.3,11.1,11.5,0.5,19700319.0,192905421.0,95.12,10.21
2022-2023,Walker Kessler,21,UTA,1703,0.702,19.7,5.7,0.7,8.6,10.7,13.3,2.9,2696400.0,148738241.0,90.24,1.81
2022-2023,Monte Morris,27,WAS,1695,0.579,6.9,26.4,1.2,0.6,9.9,15.6,0.5,9125000.0,152008934.0,75.61,6.0
2022-2023,Wendell Carter Jr.,23,ORL,1690,0.621,16.6,12.0,0.9,1.9,13.2,20.5,1.0,14150000.0,126107324.0,69.51,11.22
2022-2023,Santi Aldama,22,MEM,1682,0.591,11.7,7.6,1.3,2.6,9.3,16.0,0.5,2094120.0,127139520.0,93.9,1.65
2022-2023,Bradley Beal,29,WAS,1673,0.593,6.5,26.6,1.3,1.7,12.9,29.2,1.8,43279250.0,152008934.0,60.98,28.47
2022-2023,Kevin Durant,34,BRK,1403,0.673,10.5,25.9,1.1,3.5,13.7,31.5,7.0,44119845.0,159566723.0,47.56,27.65
2022-2023,Jalen Duren,19,DET,1670,0.655,19.7,6.8,1.3,3.1,16.5,14.3,-0.8,4124280.0,129153570.0,81.71,3.19
2022-2023,Reggie Jackson,32,LAC,1338,0.523,4.9,19.8,1.4,0.3,15.1,20.8,-3.7,11457217.0,192905421.0,63.41,5.94
2022-2023,Isaac Okoro,22,CLE,1652,0.614,6.7,7.0,1.7,1.7,9.5,11.9,-0.3,7040880.0,151966241.0,92.68,4.63
2022-2023,Isaiah Hartenstein,24,NYK,1626,0.567,18.1,8.3,1.6,3.7,15.6,11.2,-0.3,8854879.0,148987936.0,100.0,5.94
2022-2023,Daniel Gafford,24,WAS,1604,0.739,15.0,7.5,1.0,5.2,15.1,15.2,1.0,1930681.0,152008934.0,95.12,1.27
2022-2023,Mitchell Robinson,24,NYK,1591,0.652,19.2,4.5,1.7,6.5,10.9,10.1,2.4,17045454.0,148987936.0,71.95,11.44
2022-2023,Drew Eubanks,25,POR,1584,0.666,15.2,9.2,1.2,5.7,14.7,12.5,0.1,1968175.0,144997250.0,95.12,1.36
2022-2023,Gordon Hayward,32,CHO,1577,0.563,7.3,19.3,1.3,0.7,13.2,20.0,-1.4,30075000.0,125874047.0,60.98,23.89
2022-2023,Alex Caruso,28,CHI,1575,0.588,7.1,15.4,3.0,2.8,19.5,11.1,1.1,9030000.0,151964990.0,81.71,5.94
2022-2023,Shake Milton,26,PHI,1567,0.575,7.2,22.3,0.8,0.8,14.5,18.5,-2.0,1997718.0,150496913.0,92.68,1.33
2022-2023,Norman Powell,29,LAC,1567,0.612,6.3,11.0,1.6,1.0,10.8,26.0,0.3,16758621.0,192905421.0,73.17,8.69
2022-2023,Cole Anthony,22,ORL,1552,0.57,10.5,22.9,1.2,1.9,11.7,21.5,1.3,3613680.0,126107324.0,73.17,2.87
2022-2023,Malaki Branham,19,SAS,1550,0.524,6.4,11.4,1.0,0.4,10.6,19.1,-5.2,2925600.0,104545376.0,80.49,2.8
2022-2023,Cedi Osman,27,CLE,1548,0.579,6.7,10.6,1.1,0.7,8.3,18.2,-0.7,7426088.0,151966241.0,93.9,4.89
2022-2023,Kelly Oubre Jr.,27,CHO,1548,0.534,8.6,5.6,2.1,1.0,6.6,26.5,-1.1,12600000.0,125874047.0,58.54,10.01
2022-2023,Josh Green,22,DAL,1539,0.645,6.9,9.7,1.4,0.3,14.5,14.6,-2.4,3098400.0,177244238.0,73.17,1.75
2022-2023,Brandon Ingram,25,NOP,1538,0.582,9.1,28.1,1.0,1.2,13.4,30.8,1.7,31650600.0,148360910.0,54.88,21.33
2022-2023,Josh Richardson,29,SAS,997,0.556,6.5,19.3,1.9,0.9,12.7,20.5,-1.1,12196094.0,104545376.0,51.22,11.67
2022-2023,Josh Richardson,29,NOP,533,0.55,6.0,9.2,2.6,1.6,12.8,14.5,-1.3,12196094.0,148360910.0,28.05,8.22
2022-2023,Joe Harris,31,BRK,1527,0.621,6.0,9.1,1.1,0.7,8.3,14.3,-1.1,18642857.0,159566723.0,90.24,11.68
2022-2023,T.J. McConnell,30,IND,1526,0.59,8.5,37.9,2.5,0.6,20.6,19.1,0.5,8100000.0,125706114.0,91.46,6.44
2022-2023,Chris Boucher,30,TOR,1523,0.59,15.7,2.7,1.5,4.1,6.4,18.0,-0.1,12690000.0,150992313.0,92.68,8.4
2022-2023,Georges Niang,29,PHI,1512,0.61,7.2,7.3,1.0,0.9,9.4,17.0,-1.4,3465000.0,150496913.0,95.12,2.3
2022-2023,Bogdan Bogdanovic,30,ATL,1508,0.586,6.0,13.4,1.4,1.0,9.2,19.8,0.5,18000000.0,149836313.0,65.85,12.01
2022-2023,Damion Lee,30,PHO,1506,0.607,8.3,8.9,1.0,0.4,13.5,16.3,-1.7,2133278.0,176042453.0,90.24,1.21
2022-2023,Bol Bol,23,ORL,1505,0.603,15.2,6.9,1.0,5.5,17.6,18.2,-0.9,2200000.0,126107324.0,85.37,1.74
2022-2023,John Konchar,26,MEM,1494,0.542,11.0,8.2,2.4,1.5,9.9,10.4,0.5,2300000.0,127139520.0,87.8,1.81
2022-2023,Rui Hachimura,24,WAS,728,0.558,9.8,7.3,0.7,1.4,9.3,23.0,-2.6,6263188.0,152008934.0,36.59,4.12
2022-2023,Rui Hachimura,24,LAL,738,0.553,11.2,4.4,0.5,1.6,5.6,17.4,-1.9,6263188.0,169391473.0,40.24,3.7
2022-2023,Dwight Powell,31,DAL,1458,0.738,12.5,6.9,1.6,1.6,15.9,12.6,-1.2,11080125.0,177244238.0,92.68,6.25
2022-2023,Jeremy Sochan,19,SAS,1458,0.509,11.0,13.6,1.4,1.3,13.9,19.8,-4.0,5063520.0,104545376.0,68.29,4.84
2022-2023,Keita Bates-Diop,27,SAS,1452,0.609,9.3,9.8,1.5,1.1,9.5,16.7,-0.6,1878720.0,104545376.0,81.71,1.8
2022-2023,Davion Mitchell,24,SAC,1447,0.545,4.1,16.5,1.5,0.9,13.1,14.1,-2.8,4833600.0,139423615.0,97.56,3.47
2022-2023,Pat Connaughton,30,MIL,1443,0.531,10.2,6.9,1.2,0.6,7.0,13.8,-1.0,5728393.0,182930771.0,74.39,3.13
2022-2023,Zach Collins,25,SAS,1441,0.599,15.2,18.0,1.2,2.8,17.4,21.2,-0.2,7350000.0,104545376.0,76.83,7.03
2022-2023,Isaiah Stewart,21,DET,1414,0.56,15.8,7.3,0.7,2.1,11.8,17.3,-2.1,3433320.0,129153570.0,60.98,2.66
2022-2023,AJ Griffin,19,ATL,1401,0.577,6.0,7.0,1.4,0.7,7.1,17.9,-0.8,3536160.0,149836313.0,87.8,2.36
2022-2023,Isaiah Joe,23,OKC,1395,0.626,6.7,8.7,1.6,0.5,6.6,17.7,0.9,1836090.0,148856338.0,89.02,1.23
2022-2023,Jonathan Kuminga,20,GSW,1394,0.597,9.1,12.7,1.4,2.0,14.6,19.6,-1.7,5739840.0,192386134.0,81.71,2.98
2022-2023,Jusuf Nurkic,28,POR,1391,0.589,19.5,16.4,1.5,2.8,16.8,22.1,0.1,15625000.0,144997250.0,63.41,10.78
2022-2023,Dennis Smith Jr.,25,CHO,1390,0.475,6.4,26.1,2.6,1.6,14.1,17.6,-2.2,2133278.0,125874047.0,65.85,1.69
2022-2023,Larry Nance Jr.,30,NOP,1381,0.649,14.5,11.7,2.0,2.6,11.0,11.9,2.0,9672727.0,148360910.0,79.27,6.52
2022-2023,Josh Okogie,24,PHO,1350,0.531,10.3,10.3,2.0,2.3,11.2,17.7,-0.2,1968175.0,176042453.0,87.8,1.12
2022-2023,Devonte' Graham,27,NOP,811,0.545,5.0,18.7,1.8,1.2,9.5,15.0,0.2,11550000.0,148360910.0,64.63,7.79
2022-2023,Devonte' Graham,27,SAS,527,0.559,5.2,20.4,1.3,0.9,10.1,20.2,-0.4,11550000.0,104545376.0,24.39,11.05
2022-2023,Terrence Ross,31,ORL,944,0.543,5.1,8.1,1.3,0.8,10.7,15.7,-3.1,11500000.0,126107324.0,51.22,9.12
2022-2023,Luke Kennard,26,LAC,725,0.623,6.4,7.1,1.3,0.5,12.0,15.0,-1.4,13745455.0,192905421.0,42.68,7.13
2022-2023,Luke Kennard,26,MEM,590,0.758,6.7,12.1,1.0,0.2,8.2,13.7,2.9,13745455.0,127139520.0,29.27,10.81
2022-2023,Doug McDermott,31,SAS,1314,0.59,5.8,9.8,0.5,0.4,9.5,19.2,-3.2,13750000.0,104545376.0,78.05,13.15
2022-2023,Talen Horton-Tucker,22,UTA,1313,0.508,8.6,27.4,1.5,1.9,15.5,25.9,-1.6,10260000.0,148738241.0,79.27,6.9
2022-2023,Jose Alvarado,24,NOP,1310,0.525,6.1,19.9,2.5,0.7,13.4,19.8,-1.2,1563518.0,148360910.0,74.39,1.05
2022-2023,Aaron Wiggins,24,OKC,1297,0.607,8.7,8.3,1.4,1.1,12.2,14.5,-2.1,1563518.0,148856338.0,85.37,1.05
2022-2023,Lonnie Walker IV,24,LAL,1297,0.57,4.5,7.0,1.1,1.1,7.4,20.2,-1.4,6479000.0,169391473.0,68.29,3.82
2022-2023,Sam Hauser,25,BOS,1290,0.634,8.6,7.6,1.1,1.4,6.9,14.7,1.0,1637966.0,178633307.0,97.56,0.92
2022-2023,Jalen Smith,22,IND,1279,0.565,17.1,7.6,0.8,4.0,11.2,21.0,-2.1,4670160.0,125706114.0,82.93,3.72
2022-2023,LaMelo Ball,21,CHO,1268,0.541,9.7,38.7,1.7,0.8,14.3,30.0,2.4,8623920.0,125874047.0,43.9,6.85
2022-2023,David Roddy,21,MEM,1258,0.519,8.1,6.1,1.1,1.4,11.3,16.7,-3.9,2588640.0,127139520.0,85.37,2.04
2022-2023,Jaylen Nowell,23,MIN,1252,0.527,7.6,15.9,1.6,0.3,8.9,25.0,-2.5,1930681.0,145793656.0,79.27,1.32
2022-2023,Naz Reid,23,MIN,1251,0.617,14.9,9.6,1.6,3.7,12.7,24.8,1.0,1930681.0,145793656.0,82.93,1.32
2022-2023,Trey Lyles,27,SAC,1247,0.607,13.7,7.0,1.0,2.2,12.2,18.1,-1.0,2625000.0,139423615.0,90.24,1.88
2022-2023,Jalen Suggs,21,ORL,1246,0.528,7.3,18.0,2.6,2.1,15.9,20.3,-1.0,6922320.0,126107324.0,64.63,5.49
2022-2023,Kevin Love,34,CLE,821,0.555,20.1,12.8,0.4,0.8,13.1,19.6,1.4,30556968.0,151966241.0,50.0,20.11
2022-2023,Cory Joseph,31,DET,1227,0.558,4.8,25.4,1.3,0.6,12.8,15.2,-1.5,5155500.0,129153570.0,75.61,3.99
2022-2023,Delon Wright,30,WAS,1221,0.581,8.2,20.9,3.7,1.2,12.2,12.9,3.4,7804878.0,152008934.0,60.98,5.13
2022-2023,Nick Richards,25,CHO,1217,0.676,18.2,4.5,0.4,5.1,13.0,15.6,-1.3,1782621.0,125874047.0,79.27,1.42
2022-2023,Seth Curry,32,BRK,1211,0.593,4.6,11.9,1.5,0.5,9.7,19.2,-2.1,8496653.0,159566723.0,74.39,5.32
2022-2023,Ochai Agbaji,22,UTA,1209,0.561,5.4,7.5,0.6,1.0,9.0,15.8,-3.0,3918360.0,148738241.0,71.95,2.63
2022-2023,Kenrich Williams,28,OKC,1206,0.585,11.6,11.7,1.8,1.1,8.1,13.7,0.5,2000000.0,148856338.0,64.63,1.34
2022-2023,Matisse Thybulle,25,PHI,591,0.536,6.3,5.1,3.8,2.2,6.2,9.8,0.1,4379526.0,150496913.0,59.76,2.91
2022-2023,Matisse Thybulle,25,POR,609,0.566,7.3,6.6,3.0,2.6,10.0,11.4,-1.2,4379526.0,144997250.0,26.83,3.02
2022-2023,Isaiah Livers,24,DET,1199,0.567,6.6,4.8,1.1,2.1,9.0,11.9,-2.4,1563518.0,129153570.0,63.41,1.21
2022-2023,Cameron Johnson,26,BRK,770,0.61,8.8,10.0,2.2,0.9,7.4,21.1,2.0,5887899.0,159566723.0,30.49,3.69
2022-2023,Anthony Lamb,25,GSW,1195,0.61,9.9,10.5,1.1,1.5,13.7,13.8,-1.1,694878.0,192386134.0,75.61,0.36
2022-2023,Taurean Prince,28,MIN,1192,0.597,6.2,9.6,1.1,1.1,14.3,17.3,-3.3,7295000.0,145793656.0,65.85,5.0
2022-2023,Andrew Wiggins,27,GSW,1190,0.564,8.6,10.5,1.8,2.1,7.9,21.5,-0.5,33616770.0,192386134.0,45.12,17.47
2022-2023,Jordan Nwora,24,MIL,597,0.53,10.2,8.4,1.0,1.0,13.6,17.6,-2.4,2800000.0,182930771.0,46.34,1.53
2022-2023,Jordan Nwora,24,IND,591,0.586,10.5,12.6,1.0,1.0,10.7,21.2,-1.8,2800000.0,125706114.0,29.27,2.23
2022-2023,Gary Harris,28,ORL,1184,0.62,4.7,6.9,1.8,1.0,8.0,12.6,-0.7,13000000.0,126107324.0,58.54,10.31
2022-2023,Tre Mann,21,OKC,1183,0.492,7.0,14.0,1.6,0.9,10.6,20.7,-3.9,3046200.0,148856338.0,81.71,2.05
2022-2023,Trendon Watford,22,POR,1182,0.625,11.6,16.0,1.3,0.9,16.2,16.1,-1.8,1563518.0,144997250.0,75.61,1.08
2022-2023,Christian Braun,21,DEN,1181,0.568,8.8,6.4,1.7,1.3,9.9,13.0,-2.4,2808600.0,162338665.0,92.68,1.73
2022-2023,Xavier Tillman Sr.,24,MEM,1180,0.621,13.8,10.9,2.3,2.2,11.3,13.7,1.9,1782621.0,127139520.0,74.39,1.4
2022-2023,Devin Vassell,22,SAS,1178,0.55,6.9,17.3,1.7,1.2,8.2,24.4,0.4,4437000.0,104545376.0,46.34,4.24
2022-2023,Collin Sexton,24,UTA,1145,0.616,5.0,17.9,1.1,0.4,13.3,23.4,-1.3,16700000.0,148738241.0,58.54,11.23
2022-2023,Precious Achiuwa,23,TOR,1140,0.554,16.3,6.3,1.3,2.6,11.4,19.4,-2.3,2840160.0,150992313.0,67.07,1.88
2022-2023,Steven Adams,29,MEM,1133,0.564,22.7,11.2,1.5,3.7,19.8,14.6,0.6,17926829.0,127139520.0,51.22,14.1
2022-2023,Alec Burks,31,DET,1122,0.602,7.8,15.9,1.6,0.6,9.7,22.8,1.2,10012800.0,129153570.0,62.2,7.75
2022-2023,Lamar Stevens,25,CLE,1120,0.524,10.9,4.0,1.2,1.6,7.9,13.6,-2.8,1782621.0,151966241.0,75.61,1.17
2022-2023,Moritz Wagner,25,ORL,1109,0.63,13.2,11.5,1.6,1.1,12.5,21.1,0.6,1878720.0,126107324.0,69.51,1.49
2022-2023,Jordan Goodwin,24,WAS,1106,0.531,10.3,20.8,2.6,2.0,12.9,17.3,0.7,1280206.0,152008934.0,75.61,0.84
2022-2023,Victor Oladipo,30,MIA,1106,0.513,6.8,19.8,2.6,1.1,16.6,21.1,-2.1,8750000.0,151408266.0,51.22,5.78
2022-2023,Ben Simmons,26,BRK,1105,0.559,13.4,31.3,2.4,1.9,27.2,14.3,0.4,35448672.0,159566723.0,51.22,22.22
2022-2023,Jeff Green,36,DEN,1091,0.576,7.6,8.3,0.8,1.4,10.8,17.0,-3.4,4500000.0,162338665.0,68.29,2.77
2022-2023,Brandon Clarke,26,MEM,1090,0.682,15.1,9.5,1.5,3.1,11.8,17.7,2.5,4343919.0,127139520.0,68.29,3.42
2022-2023,Bones Hyland,22,DEN,820,0.54,6.0,22.0,1.7,1.4,12.5,28.5,-0.8,2201520.0,162338665.0,51.22,1.36
2022-2023,Oshae Brissett,24,IND,1083,0.52,11.2,5.4,1.4,1.0,8.2,16.1,-3.2,1846738.0,125706114.0,79.27,1.47
2022-2023,Thomas Bryant,25,LAL,876,0.712,17.1,5.0,0.8,2.2,7.4,18.2,2.3,1968175.0,169391473.0,50.0,1.16
2022-2023,Obi Toppin,24,NYK,1050,0.565,9.8,9.2,1.1,1.1,8.0,19.5,-0.5,5348280.0,148987936.0,81.71,3.59
2022-2023,Joe Ingles,35,MIL,1044,0.616,6.4,18.4,1.5,0.5,17.6,12.6,-0.7,6479000.0,182930771.0,56.1,3.54
2022-2023,Jalen Johnson,21,ATL,1042,0.554,14.8,10.4,1.7,2.8,10.3,16.0,0.3,2792640.0,149836313.0,85.37,1.86
2022-2023,Isaiah Jackson,21,IND,1042,0.595,15.0,7.0,1.4,7.7,11.8,17.4,-0.8,2573760.0,125706114.0,76.83,2.05
2022-2023,Dyson Daniels,19,NOP,1042,0.503,10.2,16.4,2.0,1.0,20.2,11.6,-1.8,5508600.0,148360910.0,71.95,3.71
2022-2023,Wenyen Gabriel,25,LAL,1024,0.626,15.0,4.8,1.2,2.9,13.4,14.1,-2.2,1878720.0,169391473.0,82.93,1.11
2022-2023,Austin Rivers,30,MIN,1016,0.564,4.6,9.3,1.3,0.3,9.2,10.5,-2.8,2905851.0,145793656.0,63.41,1.99
2022-2023,Hamidou Diallo,24,DET,996,0.593,10.8,9.2,2.6,1.4,13.9,21.8,-1.4,5200000.0,129153570.0,68.29,4.03
2022-2023,Will Barton,32,WAS,782,0.504,7.9,16.5,1.1,1.1,12.9,19.4,-2.7,15059712.0,152008934.0,48.78,9.91
2022-2023,Marvin Bagley III,23,DET,990,0.587,15.1,5.9,0.9,2.7,9.7,20.4,-0.9,12500000.0,129153570.0,51.22,9.68
2022-2023,Cam Reddish,23,POR,552,0.563,5.9,9.6,2.1,1.0,14.1,17.8,-4.3,5954454.0,144997250.0,24.39,4.11
2022-2023,Jock Landale,27,PHO,979,0.595,15.8,10.1,0.8,2.7,13.3,19.3,-1.1,1563518.0,176042453.0,84.15,0.89
2022-2023,Nassir Little,22,POR,976,0.555,8.3,7.3,1.0,1.8,10.0,16.0,-3.0,4171548.0,144997250.0,65.85,2.88
2022-2023,Usman Garuba,20,HOU,970,0.569,17.4,8.8,2.2,2.9,19.2,10.5,-1.4,2471160.0,137579793.0,91.46,1.8
2022-2023,JT Thor,20,CHO,969,0.506,8.4,4.9,1.1,2.1,14.5,13.1,-4.7,1563518.0,125874047.0,84.15,1.24
2022-2023,Haywood Highsmith,26,MIA,969,0.517,11.4,6.2,1.9,1.8,16.5,12.5,-3.1,1752638.0,151408266.0,65.85,1.16
2022-2023,Cameron Payne,28,PHO,968,0.512,6.1,32.6,1.7,0.7,14.4,24.8,-1.2,6000000.0,176042453.0,58.54,3.41
2022-2023,Kendrick Nunn,27,LAL,528,0.503,5.6,9.3,1.0,0.5,10.6,23.3,-5.0,5250000.0,169391473.0,47.56,3.1
2022-2023,Karl-Anthony Towns,27,MIN,957,0.618,13.8,22.0,1.0,1.5,15.0,25.6,3.0,33833400.0,145793656.0,35.37,23.21
2022-2023,Zion Williamson,22,NOP,956,0.652,12.0,24.4,1.6,1.6,14.6,30.4,5.8,13534817.0,148360910.0,35.37,9.12
2022-2023,Kevin Knox,23,DET,593,0.612,10.1,3.7,1.1,1.8,14.2,16.2,-2.8,3000000.0,129153570.0,51.22,2.32
2022-2023,Cam Thomas,21,BRK,948,0.567,5.6,12.7,1.0,0.6,10.6,27.8,-2.7,2138160.0,159566723.0,69.51,1.34
2022-2023,Mike Muscala,31,OKC,622,0.602,11.6,8.2,0.8,2.8,6.0,15.7,0.1,3500000.0,148856338.0,52.44,2.35
2022-2023,Maxi Kleber,31,DAL,930,0.592,8.4,7.5,0.6,2.9,12.7,10.3,-2.2,9000000.0,177244238.0,45.12,5.08
2022-2023,Yuta Watanabe,28,BRK,928,0.637,8.5,7.0,1.3,1.6,8.0,13.1,-0.6,1968175.0,159566723.0,70.73,1.23
2022-2023,Ish Wainright,28,PHO,915,0.522,8.4,7.4,2.0,2.2,8.4,12.2,-1.2,980057.0,176042453.0,73.17,0.56
2022-2023,Daishen Nix,20,HOU,914,0.447,5.9,19.2,1.6,0.7,25.4,15.4,-6.5,1563518.0,137579793.0,69.51,1.14
2022-2023,Jaylin Williams,20,OKC,914,0.559,14.1,10.7,1.5,1.2,12.6,13.5,-1.7,2000000.0,148856338.0,59.76,1.34
2022-2023,Chris Duarte,25,IND,897,0.496,7.1,9.7,1.3,0.9,10.1,19.0,-4.5,3936960.0,125706114.0,56.1,3.13
2022-2023,Derrick Jones Jr.,25,CHI,893,0.597,9.7,5.1,1.6,4.0,8.6,14.5,-0.4,3200000.0,151964990.0,78.05,2.11
2022-2023,Dean Wade,26,CLE,891,0.55,9.9,5.4,1.6,2.2,8.3,10.2,-0.7,1930681.0,151966241.0,53.66,1.27
2022-2023,Vlatko Cancar,25,DEN,889,0.606,8.3,11.5,1.2,1.4,13.1,13.8,-1.8,2234359.0,162338665.0,73.17,1.38
2022-2023,Nickeil Alexander-Walker,24,UTA,528,0.609,6.0,19.9,2.2,2.2,19.4,18.4,0.5,5009633.0,148738241.0,43.9,3.37
2022-2023,Bismack Biyombo,30,PHO,874,0.555,16.5,8.7,1.0,9.0,17.7,14.0,-0.9,2905851.0,176042453.0,74.39,1.65
2022-2023,Goran Dragic,36,CHI,787,0.514,5.0,24.7,0.7,0.5,15.0,21.0,-3.7,3523762.0,151964990.0,62.2,2.32
2022-2023,James Wiseman,21,DET,605,0.563,17.8,4.4,0.3,2.9,12.0,21.7,-4.3,9603360.0,129153570.0,29.27,7.44
2022-2023,Theo Maledon,21,CHO,854,0.515,7.7,24.2,2.1,1.2,17.1,17.0,-2.5,2408891.0,125874047.0,53.66,1.91
2022-2023,Andre Drummond,29,CHI,849,0.606,29.6,5.7,2.6,3.1,18.6,21.0,-0.8,3200000.0,151964990.0,81.71,2.11
2022-2023,Aaron Holiday,26,ATL,845,0.528,4.8,13.0,2.1,1.2,13.3,13.4,-2.0,1968175.0,149836313.0,76.83,1.31
2022-2023,Romeo Langford,23,SAS,844,0.524,7.4,7.9,1.3,1.3,9.6,15.4,-4.2,5634257.0,104545376.0,52.44,5.39
2022-2023,Terence Davis,25,SAC,841,0.563,9.4,11.1,2.4,1.2,12.2,22.2,-1.5,4000000.0,139423615.0,78.05,2.87
2022-2023,George Hill,36,MIL,668,0.575,5.2,16.8,1.4,0.4,15.1,11.3,-1.7,4000000.0,182930771.0,42.68,2.19
2022-2023,Mark Williams,21,CHO,828,0.659,19.6,3.3,1.6,4.7,12.0,17.0,0.1,3722040.0,125874047.0,52.44,2.96
2022-2023,Robert Williams,25,BOS,824,0.742,19.3,8.5,1.3,5.0,15.3,11.8,3.3,10714287.0,178633307.0,42.68,6.0
2022-2023,Wesley Matthews,36,MIL,820,0.519,7.2,5.1,1.2,1.3,9.5,9.8,-2.7,2905851.0,182930771.0,63.41,1.59
2022-2023,Moses Moody,20,GSW,817,0.603,7.1,8.2,1.0,0.8,12.0,14.6,-2.6,3740160.0,192386134.0,76.83,1.94
2022-2023,Rudy Gay,36,UTA,816,0.475,10.8,9.4,1.1,1.9,10.7,17.7,-4.0,6184500.0,148738241.0,68.29,4.16
2022-2023,Ty Jerome,25,GSW,816,0.594,5.3,22.1,1.3,0.5,10.3,14.9,-0.8,4728948.0,192386134.0,54.88,2.46
2022-2023,Jeremiah Robinson-Earl,22,OKC,814,0.548,11.9,7.0,1.4,1.2,6.7,14.6,-1.5,2000000.0,148856338.0,52.44,1.34
2022-2023,Jericho Sims,24,NYK,812,0.78,16.4,4.0,0.9,3.2,19.1,7.4,-0.5,1639842.0,148987936.0,63.41,1.1
2022-2023,Caleb Houstan,20,ORL,812,0.508,6.9,4.9,0.7,0.8,8.7,11.0,-4.0,2000000.0,126107324.0,62.2,1.59
2022-2023,Danuel House Jr.,29,PHI,807,0.6,6.9,7.5,0.9,1.0,10.4,13.8,-3.0,4105000.0,150496913.0,68.29,2.73
2022-2023,Landry Shamet,25,PHO,807,0.537,4.6,15.7,1.6,0.6,10.0,18.9,-1.4,9500000.0,176042453.0,48.78,5.4
2022-2023,Dario Saric,28,PHO,533,0.545,14.8,14.6,1.2,0.8,15.4,18.7,-2.0,9240000.0,176042453.0,45.12,5.25
2022-2023,Luke Kornet,27,BOS,804,0.697,13.4,9.1,0.7,4.9,11.8,11.5,1.0,2133278.0,178633307.0,84.15,1.19
2022-2023,Christian Koloko,22,TOR,802,0.517,12.1,5.0,1.3,6.9,10.2,10.4,-3.5,1500000.0,150992313.0,70.73,0.99
2022-2023,Khris Middleton,31,MIL,801,0.551,9.1,30.7,1.4,0.5,13.6,27.4,0.8,37984276.0,182930771.0,40.24,20.76
2022-2023,JaMychal Green,32,GSW,797,0.65,14.1,8.9,1.5,2.5,15.6,17.5,-0.5,8200000.0,192386134.0,69.51,4.26
2022-2023,Thaddeus Young,34,TOR,795,0.573,11.8,12.9,3.4,0.6,16.7,13.5,0.1,8000000.0,150992313.0,65.85,5.3
2022-2023,Bryce McGowens,20,CHO,787,0.519,6.3,9.1,0.9,0.7,15.3,15.0,-6.0,1461055.0,125874047.0,56.1,1.16
2022-2023,Josh Christopher,21,HOU,786,0.523,5.0,14.3,2.0,1.9,14.4,21.9,-4.3,2372160.0,137579793.0,78.05,1.72
2022-2023,Robert Covington,32,LAC,779,0.584,11.9,10.2,2.4,3.7,11.5,15.6,1.7,12307692.0,192905421.0,58.54,6.38
2022-2023,Justise Winslow,26,POR,776,0.466,10.7,17.2,1.9,1.3,17.0,14.2,-2.8,4097561.0,144997250.0,35.37,2.83
2022-2023,Mo Bamba,24,ORL,681,0.613,15.3,9.0,0.9,5.4,8.5,16.3,1.3,10300000.0,126107324.0,48.78,8.17
2022-2023,Simone Fontecchio,27,UTA,766,0.495,6.1,7.5,0.9,0.9,10.5,20.2,-5.2,3205128.0,148738241.0,63.41,2.15
2022-2023,Miles McBride,22,NYK,760,0.475,3.6,12.4,2.4,1.0,9.7,14.6,-2.3,1563518.0,148987936.0,78.05,1.05
2022-2023,Paul Reed,23,PHI,755,0.62,20.5,5.3,3.0,6.3,16.3,16.4,-0.1,1782621.0,150496913.0,84.15,1.18
2022-2023,John Wall,32,LAC,755,0.498,6.8,35.3,1.8,1.4,17.1,27.0,-1.2,47345760.0,192905421.0,41.46,24.54
2022-2023,Edmond Sumner,27,BRK,736,0.597,6.0,13.3,2.1,1.2,13.6,22.1,-2.6,1968175.0,159566723.0,64.63,1.23
2022-2023,Zeke Nnaji,22,DEN,728,0.62,10.9,3.3,1.1,2.8,12.2,15.2,-3.7,2617800.0,162338665.0,64.63,1.61
2022-2023,Jaden Hardy,20,DAL,708,0.571,7.3,14.9,1.2,0.9,11.1,26.4,-2.3,1017781.0,177244238.0,58.54,0.57
2022-2023,MarJon Beauchamp,22,MIL,701,0.513,8.5,6.7,1.4,0.8,14.8,18.3,-4.8,2485200.0,182930771.0,63.41,1.36
2022-2023,Aleksej Pokusevski,21,OKC,701,0.522,12.2,12.4,1.4,5.7,14.0,18.3,0.0,3261480.0,148856338.0,41.46,2.19
2022-2023,Malachi Flynn,24,TOR,691,0.479,6.2,13.7,1.5,0.6,8.9,17.4,-4.1,2145720.0,150992313.0,64.63,1.42
2022-2023,Duncan Robinson,28,MIA,691,0.534,5.9,9.7,1.0,0.0,10.0,17.9,-5.0,16902000.0,151408266.0,51.22,11.16
2022-2023,Chimezie Metu,25,SAC,689,0.639,16.4,8.1,1.5,2.7,11.3,17.6,-0.1,1910860.0,139423615.0,80.49,1.37
2022-2023,Garrison Mathews,26,HOU,602,0.564,5.7,5.1,1.9,0.6,8.7,14.3,-2.5,2000000.0,137579793.0,54.88,1.45
2022-2023,Montrezl Harrell,29,PHI,681,0.631,13.8,7.4,1.2,3.4,12.1,18.9,-1.3,2463490.0,150496913.0,69.51,1.64
2022-2023,Jordan McLaughlin,26,MIN,678,0.526,5.1,27.4,2.2,0.5,17.7,11.7,-0.7,2160000.0,145793656.0,52.44,1.48
2022-2023,Jae'Sean Tate,27,HOU,677,0.546,9.6,18.2,1.5,1.0,15.3,18.8,-3.5,7065217.0,137579793.0,37.8,5.14
2022-2023,Blake Wesley,19,SAS,669,0.393,6.6,18.6,1.8,0.6,21.7,18.5,-9.6,2385480.0,104545376.0,45.12,2.28
2022-2023,Payton Pritchard,25,BOS,643,0.536,7.5,14.0,1.1,0.1,13.7,19.8,-3.4,2239200.0,178633307.0,58.54,1.25
2022-2023,Amir Coffey,25,LAC,625,0.498,4.7,11.2,0.5,0.7,10.8,13.5,-5.0,3395062.0,192905421.0,60.98,1.76
2022-2023,Anthony Gill,30,WAS,624,0.604,8.8,7.2,0.5,1.6,8.5,12.3,-3.3,1836090.0,152008934.0,71.95,1.21
2022-2023,Jabari Walker,20,POR,619,0.496,12.2,7.8,0.8,1.9,11.8,17.3,-6.1,1017781.0,144997250.0,68.29,0.7
2022-2023,Darius Bazley,22,OKC,555,0.525,11.8,7.6,1.6,4.8,10.5,15.7,-1.0,4264628.0,148856338.0,43.9,2.86
2022-2023,Juancho Hernangomez,27,TOR,614,0.504,11.3,5.2,1.3,0.9,11.0,9.4,-3.3,2298385.0,150992313.0,51.22,1.52
2022-2023,Jaxson Hayes,22,NOP,610,0.605,12.3,7.7,1.6,3.0,13.9,15.7,-1.2,6803012.0,148360910.0,57.32,4.59
2022-2023,Frank Ntilikina,24,DAL,607,0.461,5.9,12.8,1.3,1.0,16.5,13.1,-6.7,2036318.0,177244238.0,57.32,1.15
2022-2023,DeAndre Jordan,34,DEN,586,0.731,19.8,7.7,1.0,3.5,26.1,13.7,-1.8,10733758.0,162338665.0,47.56,6.61
2022-2023,Blake Griffin,33,BOS,569,0.59,14.9,14.2,1.2,1.4,13.2,12.7,0.1,2905851.0,178633307.0,50.0,1.63
2022-2023,Ousmane Dieng,19,OKC,569,0.505,9.9,10.7,1.2,1.1,12.0,15.9,-3.6,4569840.0,148856338.0,47.56,3.07
2022-2023,Kris Dunn,28,UTA,568,0.606,9.5,32.3,2.1,1.5,12.8,20.2,2.4,1000001.0,148738241.0,26.83,0.67
2022-2023,Patty Mills,34,BRK,567,0.554,4.4,13.9,1.3,0.5,11.9,19.7,-3.1,6479000.0,159566723.0,48.78,4.06
2022-2023,Ricky Rubio,32,CLE,566,0.442,7.3,27.1,2.3,1.0,13.8,17.7,-2.8,5853659.0,151966241.0,40.24,3.85
2022-2023,Ziaire Williams,21,MEM,561,0.511,7.5,8.2,1.2,1.0,15.2,18.0,-5.6,4591680.0,127139520.0,45.12,3.61
2022-2023,Day'Ron Sharpe,21,BRK,552,0.581,20.4,9.7,1.3,5.0,17.7,19.0,-2.3,2109480.0,159566723.0,58.54,1.32
2022-2023,Kai Jones,22,CHO,550,0.597,11.9,3.7,1.5,4.7,19.1,12.4,-4.0,2909040.0,125874047.0,56.1,2.31
2022-2023,Lindy Waters III,25,OKC,531,0.573,7.6,7.0,1.3,1.9,5.1,15.5,0.1,2316876.0,148856338.0,50.0,1.56
2022-2023,Rodney McGruder,31,DET,524,0.566,7.8,7.6,1.5,0.2,6.4,14.0,-1.5,2298385.0,129153570.0,39.02,1.78
2022-2023,Chuma Okeke,24,ORL,518,0.488,10.5,9.4,1.8,2.1,11.5,12.3,-1.6,3433320.0,126107324.0,32.93,2.72
2022-2023,James Bouknight,22,CHO,515,0.463,7.5,11.1,1.3,0.8,13.4,19.5,-6.5,4362240.0,125874047.0,41.46,3.47
2022-2023,Max Christie,19,LAL,512,0.566,7.8,5.1,0.8,1.2,10.3,10.4,-3.1,1017781.0,169391473.0,50.0,0.6
2022-2023,Charles Bassey,22,SAS,508,0.658,20.7,13.2,1.5,5.4,21.3,15.6,0.7,2674742.0,104545376.0,42.68,2.56
2022-2023,Raul Neto,30,CLE,505,0.628,5.4,21.0,1.7,0.7,16.1,13.2,-0.2,2463490.0,151966241.0,58.54,1.62
